Number,Name,Class,Position,Birth City,HighSchool ,School
15,Tyler Barnes,Jr,F,Louisville (KY),St. Xavier High School,Alabama
11,James Bolden,Sr,PG,Covington (KY),Holmes High School,Alabama
0,Javian Davis-Fleming,Fr,C,Canton (MS),Canton High School,Alabama
12,Jaylen Forbes,Fr,F,Florence (MS),Florence High School,Alabama
4,Juwan Gary,Fr,SF,Columbia (SC),Gray Collegiate Academy,Alabama
35,Raymond Hawkins,Fr,PF,Oakland (CA),Findlay College Prep,Alabama
21,Britton Johnson,So,G,Mountain Brook (AL),Mountain Brook High School,Alabama
1,Herb Jones,Jr,SF,Newburn (AL),Hale County High School,Alabama
2,Kira Lewis,So,PG,Hazel Green (AL),Hazel Green High School,Alabama
23,John Petty,Jr,SF,Huntsville (AL),J.O. Johnson High School,Alabama
3,Alex Reese,Jr,FC,Pelham (AL),Pelham High School,Alabama
33,James Rojas,Jr,F,Jamestown (NY),Jamestown High School,Alabama
5,Jaden Shackelford,Fr,G,Hesperia (CA),Hesperia Christian High School,Alabama
30,Galin Smith,Jr,F,Clinton (MS),Clinton High School,Alabama
21,Jordan Brown,So,F,Roseville (CA),Prolific Prep,Arizona
55,Jake Desjardins,Sr,SG,Henderson (NV),Coronado High School,Arizona
14,Devonaire Doutrive,So,G,Los Angeles (CA),Van Nuys High School,Arizona
13,Stone Gettings,Sr,PF,Los Angeles (CA),Loyola High School,Arizona
0,Josh Green,Fr,SG,Glendale (AZ),IMG Academy,Arizona
5,Max Hazzard,Sr,PG,Los Angeles (CA),Loyola High School,Arizona
4,Chase Jeter,Sr,C,Las Vegas (NV),Bishop Gorman High School,Arizona
52,Kory Jones,Jr,G,Herndon (VA),Westfield High School,Arizona
35,Christian Koloko,Fr,C,Douala,Sierra Canyon School,Arizona
11,Ira Lee,Jr,F,San Pedro (CA),Crossroads School,Arizona
1,Nico Mannion,Fr,PG,Siena,Pinnacle High School,Arizona
22,Zeke Nnaji,Fr,PF,Hopkins (MN),Hopkins High School,Arizona
3,Dylan Smith,Sr,SG,Birmingham (AL),Hoover High School,Arizona
54,Matt Weyand,Jr,F,Santa Ana (CA),Mater Dei High School,Arizona
2,Brandon Williams,So,PG,Encino (CA),Crespi Carmelite High School,Arizona
22,Andre Allen,Jr,F,Los Angeles (CA),N/A,Arizona State
12,Micah Burno,Fr,G,Scottsdale (AZ),N/A,Arizona State
35,Taeshon Cherry,So,SF,San Diego (CA),Foothills Christian,Arizona State
3,Caleb Christopher,Fr,SG,Los Angeles (CA),Mayfair High School,Arizona State
2,Rob Edwards,Sr,SG,Detroit (MI),Cass Technical High School,Arizona State
5,Kyle Feit,So,G,West Palm Beach (FL),IMG Academy,Arizona State
25,Grant Fogerty,Sr,G,Scottsdale (AZ),Desert Mountain High School,Arizona State
24,Jalen Graham,Fr,F,Phoenix (AZ),Mountain Pointe High School,Arizona State
10,Jaelen House,Fr,PG,Phoenix (AZ),Shadow Mountain High School,Arizona State
4,Kimani Lawrence,Jr,SF,Providence (RI),New Hampton School,Arizona State
1,Remy Martin,Jr,PG,Chatsworth (CA),Sierra Canyon School,Arizona State
3,Mickey Mitchell,Sr,SF,Plano (TX),Plano West Senior High School,Arizona State
15,John Olmsted,Fr,PF,Morenci (AZ),N/A,Arizona State
20,Khalid Thomas,Jr,F,Portland (OR),West Linn High School,Arizona State
11,Elias Valtonen,So,SG,Eura,N/A,Arizona State
11,"Alonzo Verge, Jr.",Jr,G,Villa Park (IL),Proviso West High School,Arizona State
23,Romello White,Jr,PF,Suwanee (GA),IMG Academy,Arizona State
2,Adrio Bailey,Sr,PF,Campti (LA),Lakeview High School,Arkansas
35,Reggie Chaney,So,PF,Frisco (TX),Findlay College Prep,Arkansas
0,Jeantal Cylla,Sr,SF,Boynton Beach (FL),Lake Worth Christian School,Arkansas
5,Jalen Harris,Jr,PG,Wilson (NC),Word of God Christian Academy,Arkansas
24,Ethan Henderson,So,PF,Little Rock (AR),Parkview Arts and Science Magnet High School,Arkansas
-,Justice Hill,Fr,PG,Little Rock (AR),Little Rock Christian High School,Arkansas
22,Abayomi Iyiola,Jr,F,Atlanta (GA),Greenforest Christian High School,Arkansas
1,Isaiah Joe,So,SG,Fort Smith (AR),Northside High School,Arkansas
15,Mason Jones,Jr,G,DeSoto (TX),DeSoto High School,Arkansas
13,Emeka Obukwelu,Jr,F,Plano (TX),Plano West Senior High School,Arkansas
3,Desi Sills,So,G,Jonesboro (AR),Jonesboro High School,Arkansas
12,Ty Stevens,Jr,G,Republic (MO),Republic High School,Arkansas
33,Jimmy Whitt,Sr,PG,Columbia (MO),Hickman High School,Arkansas
13,Babatunde Akingbola,Fr,PF,Powder Springs (GA),McEachern High School,Auburn
12,Lior Berman,Fr,GF,Mountain Brook (AL),Mountain Brook High School,Auburn
35,Devan Cambridge,Fr,G,Athens (TN),Hillcrest Prep,Auburn
54,Thomas Collier,Sr,F,Birmingham (AL),Briarwood Christian High School,Auburn
14,Preston Cook,So,GF,Auburn (AL),Auburn High School,Auburn
10,Samir Doughty,Jr,SG,Philadelphia (PA),"Mathematics, Civics and Sciences Charter School",Auburn
22,Allen Flanigan,Fr,SG,Little Rock (AR),Parkview Arts and Science Magnet High School,Auburn
4,Javon Franklin,So,F,Little Rock (AR),Parkview Arts and Science Magnet High School,Auburn
1,Jamal Johnson,So,SG,Birmingham (AL),Spain Park High School,Auburn
0,Tyrell Jones,Fr,PG,Tallahassee (FL),West Oak Academy,Auburn
33,Chase Maasdorp,So,G,Lakewood (FL),Out of Door Academy,Auburn
21,Will Macoy,Sr,G,Birmingham (AL),Mountain Brook High School,Auburn
24,Anfernee McLemore,Sr,PF,Sylvester (GA),Worth County High School,Auburn
5,J'Von Mccormick,Sr,G,Katy (TX),Mayde Creek High School,Auburn
23,Isaac Okoro,Fr,SG,Powder Springs (GA),McEachern High School,Auburn
20,Myles Parker,So,F,Madison (AL),Madison Academy,Auburn
3,Danjel Purifoy,Sr,SF,Centreville (AL),Hargrave Military Academy,Auburn
50,Austin Wiley,Sr,F,Birmingham (AL),Spain Park High School,Auburn
2,Jaylin Williams,Fr,PF,Nahunta (GA),Brantley County High School,Auburn
2,Devonte Bandoo,Sr,G,Brampton,Faith Baptist Christian Academy,Baylor
12,Jared Butler,So,PG,Reserve (LA),Riverside Academy,Baylor
25,Tristan Clark,Jr,PF,San Antonio (TX),Findlay College Prep,Baylor
33,Freddie Gillespie,Sr,F,St. Paul (MN),East Ridge High School,Baylor
4,Mario Kegler,Jr,SF,Jackson (MS),Oak Hill Academy,Baylor
24,Matthew Mayer,So,SF,Austin (TX),Westlake High School,Baylor
45,Davion Mitchell,So,PG,Stockbridge (GA),Liberty County High School,Baylor
13,Jackson Moffatt,Fr,F,Magnolia (TX),Magnolia West High School,Baylor
15,Obim Okeke,Sr,G,Las Vegas (NV),Bishop Gorman High School,Baylor
31,MaCio Teague,Jr,PG,Cincinnati (OH),Walnut Hills High School,Baylor
0,Flo Thamba,So,C,Kinshasa,Mountain Mission High School,Baylor
5,Jordan Turner,Fr,SF,Wolfforth (TX),Sunrise Christian Academy,Baylor
11,Mark Vital,Jr,SF,Lake Charles (LA),Prime Prep Academy,Baylor
22,Matt DiLuccio,Sr,G,Rockville Centre (NY),South Side High School,Boston College
0,C.J. Felder,Fr,SF,Sumter (SC),Sumter High School,Boston College
1,Jairus Hamilton,So,SF,Concord (NC),Cannon School,Boston College
3,Jared Hamilton,Sr,GF,Charlotte (NC),St. Frances Academy,Boston College
5,"Jay Heath, Jr.",Fr,SG,Arlington (VA),Woodrow Wilson High School,Boston College
24,"Chris Herren, Jr.",So,G,Boston (MA),Tabor Academy,Boston College
30,Sam Holtze,Jr,PG,Sherman Oaks (CA),Notre Dame High School,Boston College
34,Will Jackowitz,Jr,F,Wellesley (MA),Wellesley High School,Boston College
13,Luka Kraljevic,Jr,C,Ljubljana,Don Bosco Preparatory High School,Boston College
41,Steffon Mitchell,Jr,SF,Shakopee (MN),Shakopee High School,Boston College
21,Nik Popovic,Sr,SF,Banja Luka,Sagemont School,Boston College
2,Julian Rishwain,Fr,SF,Sherman (TX),Notre Dame High School,Boston College
10,Wynston Tabbs,So,PG,Leonardtown (MD),St. Mary's Ryken High School,Boston College
11,Derryck Thornton,Sr,PG,Las Vegas (NV),Findlay College Prep,Boston College
14,Kamari Williams,Fr,SF,Sandy Spring (MD),St. Andrew's Episcopal School,Boston College
12,Koch Bar,Sr,C,Abyei,Arlington Country Day School,Bradley
1,Ari Boya,So,C,Douala,Calusa Preparatory School,Bradley
5,"Darrell Brown, Jr.",Sr,PG,Memphis (TN),Germantown High School,Bradley
14,Riley Burger,Fr,GF,Orono (MN),Totino-Grace High School,Bradley
10,Elijah Childs,Jr,F,Kansas City (MO),Lee's Summit West High School,Bradley
3,Stephan Gabriel,Fr,SF,Maplewood (NJ),Hillcrest Prep,Bradley
22,Ja'Shon Henry,So,GF,Wilcox,Athol Murray College of Notre Dame,Bradley
13,Sean Houpt,Fr,G,Danville (IL),Danville High School,Bradley
51,Rienk Johannes Mast,Fr,C,Groningen,N/A,Bradley
25,Nate Kennell,Sr,SG,Metamora (IL),Metamora Township High School,Bradley
0,Danya Kingsby,Jr,PG,Milwaukee (WI),Alexander Hamilton High School,Bradley
21,Kevin McAdoo,Jr,G,West Bloomfield (MI),West Bloomfield High School,Bradley
23,Ville Tahvanainen,Fr,SF,Helsinki,Helsinki Basketball Academy,Bradley
2,Antonio Thomas,Fr,SG,Memphis (TN),Memphis East High School,Bradley
2,Walter Ellis,So,SG,South Bend (IN),Brewster Academy,Bucknell
10,Andrew Funk,So,SG,Warminster (PA),Archbishop Wood High School,Bucknell
12,John Meeks,Jr,F,Burlington (NC),Burlington Christian Academy,Bucknell
13,Bruce Moore,Sr,SF,Randallstown (MD),McDonogh School,Bucknell
0,Paul Newman,Jr,C,Philadelphia (PA),St. Andrew's High School,Bucknell
3,Malachi Rhodes,Fr,SF,McDonough (GA),Joseph Wheeler High School,Bucknell
21,Xander Rice,Fr,SF,Middletown (NJ),The Patrick School,Bucknell
14,Ben Robertson,Sr,SF,High Point (NC),High Point Christian Academy,Bucknell
5,Jordan Sechan,Jr,G,New Canaan (CT),Northfield Mount Hermon School,Bucknell
4,Jimmy Sotos,Jr,G,Elk Grove (IL),James B. Conant High School,Bucknell
23,Kahliel Spear,So,F,The Colony (TX),The Colony High School,Bucknell
40,Alex Timmerman,Fr,C,Crystal Lake (IL),Crystal Lake Central High School,Bucknell
11,Avi Toomer,Sr,SG,Atlanta (GA),Grady High School,Bucknell
32,Jake Van Der Heijden,Fr,SF,Raleigh (NC),Ravenscroft School,Bucknell
41,Brock Bertram,Jr,C,Apple Valley (MN),Apple Valley High School,Buffalo
23,Jamon Bivens,Jr,G,Atlanta (GA),Fayette County High School,Buffalo
31,Giambattista Davis,Sr,GF,Buffalo (NY),Park School of Buffalo,Buffalo
24,Tra'Von Fagan,Jr,F,Waterloo (IA),Cedar Falls High School,Buffalo
5,Savion Gallion,Fr,G,Washington (DC),Mt. Zion Prep,Buffalo
1,Gabe Grant,Sr,F,Chicago (IL),Mount Carmel High School,Buffalo
3,Jayvon Graves,Jr,G,Malvern (OH),St. Vincent St. Mary High School,Buffalo
22,Laquill Hardnett,Fr,SF,Nottingham (MD),Perry Hall High School,Buffalo
2,Antwain Johnson,Sr,PG,Malone (FL),Malone High School,Buffalo
21,Dominic Johnson,Jr,F,Windsor,Catholic Central High School,Buffalo
4,Davonta Jordan,Sr,PG,Melbourne (FL),Florida Air Academy,Buffalo
34,Joshua Mballa,So,SF,Paris,Putnam Science Academy,Buffalo
20,Patrick Moore,Sr,G,Fredonia (NY),Fredonia High School,Buffalo
0,David Nickelberry,Jr,PF,Orlando (FL),Windermere Preparatory School,Buffalo
10,Ronaldo Segu,So,PG,Orlando (FL),Orlando Christian Prep High School,Buffalo
42,David Skogman,Fr,PF,Waukesha (WI),Waukesha West High School,Buffalo
11,"Jeenathan Williams, Jr.",So,SG,Rochester (NY),Prolific Prep,Buffalo
20,Henry Baddley,Sr,SF,Akron (OH),St. Vincent St. Mary High School,Butler
3,Kamar Baldwin,Sr,SG,Winder (GA),Apalachee High School,Butler
4,Khalif Battle,Fr,SG,Roselle (NJ),Trenton Catholic Academy,Butler
25,Christian David,Jr,F,Milton,Vermont Academy,Butler
0,Campbell Donovan,Jr,G,Fort Wayne (IN),Bishop Dwenger High School,Butler
33,Bryce Golden,So,PF,St. James (MD),St. James School,Butler
24,Markeese Hastings,Fr,SF,Grand Rapids (MI),Godwin Heights High School,Butler
22,Sean McDermott,Sr,SG,Pendleton (IN),Pendleton Heights High School,Butler
35,John-Michael Mulloy,Fr,C,Carmel (IN),Carmel High School,Butler
10,Bryce Nze,Jr,SF,Waukesha (WI),Arrowhead High School,Butler
30,Mike Parker,Fr,F,Wilber (NE),Coastal Christian High School,Butler
21,Derrik Smits,Sr,C,Zionsville (IN),Zionsville High School,Butler
2,Aaron Thompson,Jr,PG,Fairfax (VA),Paul VI Catholic High School,Butler
1,Jordan Tucker,Jr,SF,White Plains (NY),Joseph Wheeler High School,Butler
0,Ethan Brittain-Watts,Fr,PG,Culver (IN),Culver Military Academy,BYU
15,Jonas Harper,So,G,Stamford (CT),St. Luke's School,BYU
32,Jack Hemphill,So,PF,Raleigh (NC),Ravenscroft School,BYU
51,Max Mahoney,Sr,PF,Basking Ridge (NJ),Ridge High School,BYU
41,Sukhmail Mathon,Jr,C,Shaverton (PA),Holderness School,BYU
30,Javante McCoy,Jr,G,Milwaukee (WI),Phillips Exeter Academy,BYU
25,Adam Mikula,Sr,G,East Boston (MA),Brimmer & May School,BYU
1,Garrett Pascoe,So,PG,Concord (CA),Clayton Valley High School,BYU
14,Andrew Petcash,Jr,G,Pittsburgh (PA),Richland High School,BYU
13,Daman Tate,Fr,PG,Boston (MA),Cushing Academy,BYU
35,Fletcher Tynen,So,SF,Torrance (CA),Bishop Montgomery High School,BYU
3,Alex Vilarino,So,G,McKinney (TX),McKinney High School,BYU
5,Walter Whyte,So,SF,New Haven (CT),St. Luke's School,BYU
25,Logan Alters,Fr,G,Fort Lauderdale (FL),NSU University School,California
15,Grant Anticevich,Jr,F,Sydney,Newington College,California
3,Paris Austin,Sr,PG,Oakland (CA),Bishop O'Dowd High School,California
20,Matt Bradley,So,SG,San Bernardino (CA),Wasatch Academy,California
1,Joel Brown,Fr,PG,Brampton,Brewster Academy,California
13,Jules Erving,Jr,F,Atlanta (GA),Holy Innocents' Episcopal School,California
24,Jacobi Gordon,So,SF,Houston (TX),ASPIRE Basketball Academy,California
2,Juhwan Harris-Dyson,Jr,SG,Sherman Oaks (CA),Heritage High School,California
22,Andre Kelly,So,PF,Stockton (CA),Lincoln High School,California
34,Dimitrios Klonaras,Fr,SG,Thessaloniki,N/A,California
12,Kuany Kuany,Fr,F,Sarasota (FL),Prolific Prep,California
0,Jacob Orender,Sr,G,Jacksonville (FL),Duncan U. Fletcher High School,California
23,David Serge,Sr,G,Newbury Park (CA),Oaks Christian High School,California
10,Kareem South,Sr,PG,Scarborough,Kiski School,California
21,Lars Thiemann,Fr,C,Leverkusen,N/A,California
33,D.J. Thorpe,Fr,C,Austin (TX),Lake Travis High School,California
42,Blake Welle,So,F,Santa Cruz (CA),Aptos High School,California
35,James Zhao,So,G,Beijing,International School of Beijing,California
15,Amidou Bamba,Sr,PF,Toronto,High Point Christian Academy,Charlotte
2,Seth Bennett,Fr,SG,Charlotte (NC),Charlotte Christian School,Charlotte
30,Tyler Bertram,Fr,SG,Cooperstown (NY),Vermont Academy,Charlotte
11,Bo Blight,Jr,F,Charlotte (NC),South Mecklenburg High School,Charlotte
25,Drew Edwards,Sr,SG,Towson (MD),Calvert Hall College High School,Charlotte
12,Malik Martin,So,SG,Staten Island (NY),Curtis High School,Charlotte
31,Anzac Rissetto,Fr,C,Auckland,Auckland Grammar School,Charlotte
10,Cooper Robb,So,G,Georgetown (KY),Scott County High School,Charlotte
13,Jordan Shepherd,Jr,SG,Asheville (NC),Asheville Christian Academy,Charlotte
0,Caleb Stone-Carrawell,Fr,G,Concord (NC),Cox Mill High School,Charlotte
5,Milos Supica,Jr,F,Belgrade,Freedom High School,Charlotte
35,Luka Vasic,So,G,Pirot,Avon Old Farms High School,Charlotte
3,Brice Williams,Fr,F,Huntersville (NC),Hopewell High School,Charlotte
1,Jahmir Young,Fr,PG,Hyattsville (MD),DeMatha Catholic High School,Charlotte
22,Brandon Younger,So,PF,Marietta (GA),Joseph Wheeler High School,Charlotte
25,Justin Brown,So,F,Chicago (IL),Marist High School,Chattanooga
0,A.J. Caldwell,So,SG,Sarasota (FL),Riverview High School,Chattanooga
4,Maurice Commander,So,G,Chicago (IL),Curie Metropolitan High School,Chattanooga
5,Jaden Frazier,Fr,PF,Charlottesville (VA),Blue Ridge High School,Chattanooga
3,David Jean-Baptiste,Jr,PG,Miami (FL),Miami Norland High School,Chattanooga
11,Rod Johnson,Jr,F,Sun Prairie (WI),Sun Prairie High School,Chattanooga
14,Grant Ledford,Fr,GF,Knoxville (TN),Grace Christian Academy,Chattanooga
24,Prosper Obidiebube,Fr,SF,Lagos,ASPIRE Basketball Academy,Chattanooga
32,Matt Ryan,Sr,SF,Cortlandt Manor (NY),Iona Preparatory School,Chattanooga
1,Jonathan Scott,Sr,GF,Monument (CO),Lewis-Palmer High School,Chattanooga
12,Ashton Smith,Fr,G,Memphis (TN),Findlay College Prep,Chattanooga
10,Alex Tostado,So,G,Guadalajara,Montverde Academy,Chattanooga
15,Ramon Vila,Jr,C,Barcelona,N/A,Chattanooga
2,Jamaal Walker,Fr,G,Chattanooga (TN),East Hamilton High School,Chattanooga
33,Nysier Brooks,Jr,C,Philadelphia (PA),Life Center Academy,Cincinnati
15,Cane Broome,Sr,G,East Hartford (CT),St. Thomas More Prep,Cincinnati
34,Jarron Cumberland,Jr,SG,Wilmington (OH),Wilmington High School,Cincinnati
20,Mamoudou Diarra,Fr,FC,Bamako,22ft Basketball Academy,Cincinnati
10,Rashawn Fredericks,Jr,G,Tampa (FL),Chamberlain High School,Cincinnati
11,Laquill Hardnett,RS-Fr,SF,Nottingham (MD),Perry Hall High School,Cincinnati
3,Justin Jenifer,Sr,PG,Bel Air (MD),Milford Mill Academy,Cincinnati
0,Logan Johnson,Fr,PG,Mountain View (CA),St. Francis High School,Cincinnati
32,John Koz,Jr,G,Cleveland (OH),Bay Village High School,Cincinnati
31,Sam Martin,So,G,Cincinnati (OH),Summit Country Day School,Cincinnati
5,Trevor Moore,So,G,Houston (TX),South Kent School,Cincinnati
22,Eliel Nsoseme,So,FC,Kinshasa,The RISE Centre Academy,Cincinnati
13,Tre Scott,Jr,SF,Darien (GA),McIntosh County Academy,Cincinnati
24,Prince Gillam Toyambi,RS-Fr,F,Kinshasa,Fresno Central High School,Cincinnati
2,Keith Williams,So,G,Brooklyn (NY),Bishop Loughlin Memorial High School,Cincinnati
1,Jonathan Baehre,Jr,PF,Hessisch Oldendorf,Wilkinson County High School,Clemson
2,Al-Amir Dawes,Fr,G,Newark (NJ),St. Patrick High School,Clemson
11,Parker Fox,So,G,Watkinsville (GA),Oconee County High School,Clemson
32,Paul Grinde,Sr,C,Virginia Beach (VA),Cape Henry Collegiate School,Clemson
12,Alex Hemenway,Fr,SG,Newburgh (IN),Castle High School,Clemson
3,Chase Hunter,Fr,SG,Atlanta (GA),Westlake High School,Clemson
55,Trey Jemison,So,PF,Birmingham (AL),Hoover High School,Clemson
13,Tevin Mack,Sr,SF,Columbia (SC),Dreher High School,Clemson
20,O'Neil McBride,Fr,F,Myrtle Beach (SC),Myrtle Beach High School,Clemson
15,John Newman,So,SG,Greensboro (NC),Greensboro Day School,Clemson
10,Curran Scott,Sr,SG,Edmond (OK),Edmond Santa Fe High School,Clemson
25,Aamir Simms,Jr,PF,Saint George (VA),Blue Ridge High School,Clemson
0,Clyde Trapp,Jr,G,Columbia (SC),Lower Richland High School,Clemson
5,Hunter Tyson,So,SF,Gastonia (NC),Piedmont Community Charter,Clemson
1,Tyree Appleby,So,G,Jacksonville (AR),Jacksonville High School,Cleveland State
33,Liam Doup,Fr,G,Lakewood (OH),Lakewood High School,Cleveland State
12,Algevon Eichelberger,So,PF,Saginaw (MI),Prolific Prep,Cleveland State
11,Dontel Highsmith,Sr,G,Dowagiac (MI),Dowagiac High School,Cleveland State
22,Jaalam Hill,Jr,PF,Louisville (KY),Waggoner High School,Cleveland State
35,Deante Johnson,Fr,F,Detroit (MI),Detroit Edison Public Academy,Cleveland State
13,Stefan Kenic,So,SF,Belgrade,N/A,Cleveland State
3,Gregory Kolomoisky,Fr,G,Geneva,N/A,Cleveland State
4,Seth Millner,Fr,F,Little Rock (AR),Grand Rapids Christian High School,Cleveland State
25,David Payne,Sr,F,Chicago (IL),Perspectives Charter Academy,Cleveland State
44,Aleksa Popovic,Fr,F,Podgorica,N/A,Cleveland State
2,Kasheem Thomas,Jr,G,Quebec City,Champlain-Saint Lambert,Cleveland State
24,Dibaji Walker,Fr,F,Columbus (OH),Woodstock Academy,Cleveland State
5,Rashad Williams,Fr,G,Detroit (MI),Wayne Memorial High School,Cleveland State
21,Evan Battey,Fr,PF,Los Angeles (CA),Villa Park High School,Colorado
1,Tyler Bey,So,PF,Las Vegas (NV),Middlebrooks Academy,Colorado
14,Deleon Brown,Jr,SG,Danbury (CT),Grand Rapids Christian High School,Colorado
15,Jakub Dombek,RS-Fr,PF,Ostrava,Get Better Academy,Colorado
34,Benan Ersek,Fr,SF,Vienna,Kent Denver School,Colorado
0,Shane Gatling,Jr,PG,Baldwin (NY),Baldwin High School,Colorado
2,Daylen Kountz,Fr,PG,Denver (CO),East High School,Colorado
12,A.J. Martinka,So,G,Stanwood (WA),Stanwood High School,Colorado
33,Aidan McQuade,So,G,Loveland (CO),Loveland High School,Colorado
24,Elijah Parquet,Fr,SG,Westbrook (TX),Westbrook High School,Colorado
30,Frank Ryder,So,FC,Boulder (CO),Fairview High School,Colorado
5,D'Shawn Schwartz,So,SF,Colorado Springs (CO),Sand Creek High School,Colorado
23,Lucas Siewert,Jr,PF,Joinville,Cathedral High School,Colorado
10,Alexander Strating,So,F,Wassenaar,American School of The Hague,Colorado
35,Dallas Walton,So,FC,Arvada (CO),Ralston Valley High School,Colorado
25,McKinley Wright,So,PG,Champlin Park (MN),Champlin Park High School,Colorado
13,Namon Wright,Sr,G,Los Angeles (CA),Findlay College Prep,Colorado
2,Sam Bannec,Fr,G,Aurora (CO),Regis Jesuit High School,Colorado State
14,Robbie Berwick,Sr,G,Atascadero (CA),Atascadero High School,Colorado State
32,Nico Carvacho,Jr,PF,Santiago,Sunrise Christian Academy,Colorado State
0,Hyron Edwards,Jr,PG,East Chicago (IN),East Chicago Central High School,Colorado State
20,Deion James,RS-Sr,SF,Tucson (AZ),Empire High School,Colorado State
13,Lorenzo Jenkins,Jr,GF,Naples (FL),First Baptist Academy,Colorado State
30,Kris Martin,Jr,SG,Dallas (TX),Justin F. Kimball High School,Colorado State
15,Anthony Masinton-Bonner,Jr,SG,Lawrence (KS),Lawrence High School,Colorado State
3,Kendle Moore,Fr,G,Danville (IL),Danville High School,Colorado State
22,J.D. Paige,Sr,G,Denver (CO),Rangeview High School,Colorado State
21,Logan Ryan,So,FC,Plymouth (MI),Canton High School,Colorado State
12,Juan Sabino,Jr,G,Fountain (CO),Fountain Fort Carson High School,Colorado State
33,Jack Schoemann,Fr,F,Prairie Village (KS),Shawnee Mission East High School,Colorado State
31,Adam Thistlewood,Fr,SF,Golden (CO),Golden High School,Colorado State
1,Zo Tyson,Jr,PF,Fayetteville (NC),Trinity Christian,Colorado State
10,Brendan Adams,Fr,PG,Baltimore (MD),Calvert Hall College High School,Connecticut
4,Jalen Adams,Sr,PG,Roxbury (MA),Brewster Academy,Connecticut
45,Temi Aiyegbusi,Jr,G,Philadelphia (PA),Saint Joseph's Preparatory School,Connecticut
40,Daniel Brocke,So,F,West Hartford (CT),William H. Hall High School,Connecticut
25,Josh Carlton,So,C,Hyattsville (MD),DeMatha Catholic High School,Connecticut
0,Eric Cobb,Sr,C,Jacksonville (FL),Potter's House Christian Academy,Connecticut
21,Mamadou Diarra,So,PF,Queens (NY),Putnam Science Academy,Connecticut
3,Alter Gilbert,So,PG,Lithonia (GA),Miller Grove High School,Connecticut
12,Tyler Polley,So,F,Weston (FL),Sagemont School,Connecticut
2,Tarin Smith,Sr,G,Ocean Township (NJ),St. Anthony High School,Connecticut
1,Christian Vital,Jr,PG,Hollis (NY),St. Thomas More Prep,Connecticut
5,Isaiah Whaley,So,F,Gastonia (NC),Mt. Zion Christian Academy,Connecticut
22,Kwintin Williams,Jr,F,Anchorage (AK),South Anchorage High School,Connecticut
15,Sidney Wilson,Fr,SF,Bronx (NY),St. Raymond High School for Boys,Connecticut
14,Kassoum Yakwe,Sr,PF,Bamako,Our Savior New American School,Connecticut
5,Ty-Shon Alexander,So,SG,Charlotte (NC),Oak Hill Academy,Creighton
24,Mitchell Ballock,So,SG,Eudora (KS),Eudora High School,Creighton
13,Christian Bishop,Fr,SF,Lee's Summit (MO),Lee's Summit West High School,Creighton
10,Jett Canfield,RS-Fr,PG,Topeka (KS),Hayden High School,Creighton
2,Connor Cashaw,Sr,SG,Lincolnshire (IL),Stevenson High School,Creighton
41,Jacob Epperson,RS-So,C,Melbourne,La Lumiere School,Creighton
31,Samson Froling,Fr,FC,Sydney,Lake Ginniderra High School,Creighton
23,Damien Jefferson,So,SF,East Chicago (IN),East Chicago Central High School,Creighton
14,Kaleb Joseph,Sr,SG,Nashua (NH),Cushing Academy,Creighton
15,Martin Krampelj,Jr,PF,Ljubljana,Impact Basketball Academy,Creighton
1,Davion Mintz,Jr,PG,Huntersville (NC),North Mecklenburg High School,Creighton
12,Jordan Scurry,Jr,G,Dedham (MA),St. Mark's High School,Creighton
11,Marcus Zegarowski,Fr,PG,Hamilton (MA),Tilton School,Creighton
32,Nelson Boachie-Yiadom,Fr,F,London,Loomis Chaffee School,Davidson
35,Luka Brajkovic,Fr,F,Feldkirch,Gymnasium Schillerstrabe,Davidson
15,Patrick Casey,Jr,F,Fort Mill (SC),Fort Mill High School,Davidson
24,Carter Collins,So,G,Chapel Hill (NC),East Chapel High School,Davidson
53,David Czerapowicz,Fr,SG,Gothenburg,Marks Gymnasieskola,Davidson
1,Nathan Ekwu,Sr,F,Enugu,Cardinal Hayes High School,Davidson
34,Luke Frampton,Fr,SG,Poca (WV),Poca High School,Davidson
4,Cal Freundlich,Jr,G,New York (NY),Friends Seminary,Davidson
31,Kellan Grady,So,PG,West Roxbury (MA),Northfield Mount Hermon School,Davidson
3,Jon Axel Gudmundsson,Jr,G,Hamburg,Fjolbrautaskoli Sudurnesja,Davidson
25,Bates Jones,So,F,Charlotte (NC),Charlotte Latin High School,Davidson
13,Mike Jones,RS-Fr,G,Woodbury (MN),Woodbury High School,Davidson
43,Dusan Kovacevic,Jr,PF,Novi Sad,Rabun Gap-Nacoochee High School,Davidson
20,KiShawn Pritchett,Jr,SF,Mooresville (NC),Lake Norman High School,Davidson
5,Malcolm Wynter,Jr,G,Greenlawn (NY),Harborfields High School,Davidson
35,Dwayne Cohill,Fr,PG,Parma Heights (OH),Holy Name High School,Dayton
10,Jalen Crutcher,So,G,Memphis (TN),Ridgeway High School,Dayton
0,Josh Cunningham,Sr,PF,Chicago (IL),Morgan Park High School,Dayton
4,Jordan Davis,So,G,Irmo (SC),Dutch Fork High School,Dayton
52,Camron Greer,So,G,Country Club Hills (IL),Rich Central High School,Dayton
33,Trey Landers,Jr,SG,Huber Heights (OH),Wayne High School,Dayton
51,Jabali Leonard,Fr,G,Dayton (OH),Meadowdale High School,Dayton
31,Jhery Matos,RS-Jr,SG,Santo Domingo,West Oak Academy,Dayton
33,Ryan Mikesell,Jr,SF,St. Henry (OH),St. Henry High School,Dayton
2,Frankie Policelli,Fr,SF,New Hartford (NY),Long Island Lutheran High School,Dayton
50,Dalton Stewart,So,G,Brookville (OH),Brookville High School,Dayton
1,Obi Toppin,Fr,F,Ossining (NY),Mount Zion Baptist Christian School,Dayton
23,Jack Westerfield,Sr,G,Cincinnati (OH),St. Xavier High School,Dayton
53,Christian Wilson,Fr,G,Dayton (OH),Northmont High School,Dayton
23,Brady Ellingson,Sr,G,Menomonee Falls (WI),Sussex Hamilton High School,Drake
25,Connor Gholson,Fr,G,Newton (IA),Newton High School,Drake
14,Matt Gray,RS-Fr,F,Orange,N/A,Drake
1,Samm Jones,So,PG,Minneapolis (MN),De La Salle High School,Drake
35,Nick McGlynn,Sr,PF,Stoughton (WI),Stoughton High School,Drake
4,Anthony Murphy,Jr,F,Griffith (IN),Griffith High School,Drake
2,Tremell Murphy,Jr,F,Griffith (IN),Griffith High School,Drake
20,Nick Norton,RS-Sr,G,Bloomington (IN),Central Catholic High School,Drake
11,Antonio Pilipovic,So,GF,Cologne,N/A,Drake
21,Liam Robbins,Fr,C,Davenport (IA),Sunrise Christian Academy,Drake
3,Garrett Sturtz,Fr,G,Newton (IA),Newton High School,Drake
14,Noah Thomas,So,G,Sydney,Oak Hill Academy,Drake
10,Luke Vaske,RS-Fr,G,Norwalk (IA),Norwalk High School,Drake
0,D.J. Wilkins,Fr,G,Merrillville (IN),Merrillville High School,Drake
13,Joey Baker,Fr,SF,Fayetteville (NC),Trinity Christian,Duke
5,R.J. Barrett,Fr,SG,Mississauga,Montverde Academy,Duke
53,Brennan Besser,Sr,G,Chicago (IL),The Latin School of Chicago,Duke
20,Marques Bolden,Jr,C,Dallas (TX),DeSoto High School,Duke
51,Mike Buckmire,So,G,Blue Bell (PA),Germantown Friends School,Duke
12,Javin DeLaurier,Jr,PF,Charlottesville (VA),St. Anne's-Belfield School,Duke
14,Jordan Goldwire,So,G,Norcross (GA),Norcross High School,Duke
3,Tre Jones,Fr,PG,St. Paul (MN),Apple Valley High School,Duke
15,Alex O'Connell,So,F,Roswell (GA),Milton High School,Duke
2,Cam Reddish,Fr,G,Norristown (PA),Westtown School,Duke
50,Justin Robinson,Jr,F,San Antonio (TX),San Antonio Christian School High School,Duke
30,Antonio Vrankovic,Sr,C,Minneapolis (MN),Pine Crest School,Duke
41,Jack White,Jr,SF,Canberra,Australian Institute of Sport,Duke
1,Zion Williamson,Fr,PF,Spartanburg (SC),Spartanburg Day School,Duke
5,Kevaughn Allen,Sr,SG,North Little Rock (AR),North Little Rock High School,Florida
24,DeAundre Ballard,So,SF,Atlanta (GA),Southwest Atlanta Christian Academy,Florida
21,Dontay Bassett,So,PF,Oldsmar (FL),Oldsmar Christian Academy,Florida
22,Andrew Fava,So,G,Baltimore (MD),Loyola Blakefield,Florida
12,Gorjok Gak,RS-Jr,C,St. Clair,Victory Rock Prep,Florida
13,Kevarrius Hayes,Sr,C,Live Oak (FL),Suwannee High School,Florida
3,Jalen Hudson,Sr,F,Richmond (VA),St. Vincent St. Mary High School,Florida
1,Chase Johnson,Fr,F,Ripley (WV),Huntington Prep,Florida
11,Keyontae Johnson,Fr,SF,Norfolk (VA),Oak Hill Academy,Florida
14,Mak Krause,Sr,G,Atlanta (GA),St. Pius X Catholic High School,Florida
10,Noah Locke,Fr,SG,Owings Mills (MD),McDonogh School,Florida
2,Andrew Nembhard,Fr,PG,Toronto,Montverde Academy,Florida
0,Mike Okauru,So,G,Raleigh (NC),Brewster Academy,Florida
15,Isaiah Stokes,Fr,C,Memphis (TN),IMG Academy,Florida
25,Keith Stone,Jr,SF,Deerfield Beach (FL),Zion Lutheran High School,Florida
0,Phil Cofer,Sr,F,Fayetteville (GA),Whitewater High School,Florida State
3,Trent Forrest,Jr,SG,Chipley (FL),Chipley High School,Florida State
1,Raiquan Gray,Fr,PF,Fort Lauderdale (FL),Dillard High School,Florida State
4,Ty Hands,RS-Fr,G,Palm Beach (FL),Palm Beach Lakes Community High School,Florida State
25,Mfiondu Kabengele,So,SF,Burlington,Don Bosco Preparatory High School,Florida State
21,Christ Koumadje,Sr,C,Dakar,Montverde Academy,Florida State
20,Travis Light,So,G,Vienna (VA),Montverde Academy,Florida State
15,Justin Lindner,So,G,Memphis (TN),Christian Brothers High School,Florida State
14,Terance Mann,Sr,SG,Lowell (MA),Tilton School,Florida State
33,Will Miles,So,F,Orlando (FL),Trinity Preparatory School,Florida State
11,David Nichols,Sr,G,South Holland (IL),Midwest Academy,Florida State
13,Anthony Polite,Fr,SF,Sorengo,Saint Andrew's School,Florida State
35,Harrison Prieto,So,F,Mandeville (LA),St. Paul's School,Florida State
5,P.J. Savoy,Sr,SG,Las Vegas (NV),Las Vegas High School,Florida State
24,Devin Vassell,Fr,SG,Suwanee (GA),Peachtree Ridge High School,Florida State
23,M.J. Walker,So,SF,Jonesboro (GA),Jonesboro High School,Florida State
31,Wyatt Wilkes,So,SF,Winter Park (FL),Winter Park High School,Florida State
3,James Akinjo,Fr,PG,Richmond (CA),Salesian College Prep,Georgetown
0,Jahvon Blair,So,PG,Brampton,St. Edmund Campion,Georgetown
35,Grayson Carter,Fr,C,Dallas (TX),John H. Guyer High School,Georgetown
15,Jessie Govan,Sr,C,Manhasset (NY),Wings Academy,Georgetown
32,Kaleb Johnson,Sr,SF,Martinsville (VA),Carlisle School,Georgetown
23,Joshua LeBlanc,Fr,F,Baton Rouge (LA),Madison Prep Academy,Georgetown
11,Greg Malinowski,Sr,GF,Chantilly (VA),Episcopal School,Georgetown
2,Mac McClung,Fr,PG,Gate City (VA),Gate City High School,Georgetown
4,Jagan Mosley,Jr,PG,Jersey City (NJ),St. Anthony High School,Georgetown
33,Trey Mourning,Sr,F,Coconut Grove (FL),Ransom Everglades School,Georgetown
20,George Muresan,Jr,F,Potomac (MD),St. Andrew's Episcopal School,Georgetown
1,Jamorko Pickett,So,F,Washington (DC),Massanutten Military Academy,Georgetown
22,Jaden Robinson,Fr,G,Baltimore (MD),Mount Saint Joseph College,Georgetown
11,Joel Ayayi,Fr,G,Bordeaux,N/A,Gonzaga
2,Jack Beach,Jr,G,San Diego (CA),Torrey Pines High School,Gonzaga
15,Brandon Clarke,Jr,PF,Vancouver,Desert Vista High School,Gonzaga
0,Geno Crandall,Sr,G,Minneapolis (MN),De La Salle High School,Gonzaga
4,"Greg Foster, Jr.",Fr,SG,Mequon (WI),Clark High School,Gonzaga
21,Rui Hachimura,Jr,F,Sendai,Meisei High School,Gonzaga
22,Jeremy Jones,Sr,F,San Antonio (TX),East Central High School,Gonzaga
24,Corey Kispert,So,SF,Edmonds (WA),King's Way Christian School,Gonzaga
10,Matthew Lang,Fr,G,Portland (OR),Jesuit High School,Gonzaga
14,Jacob Larsen,So,F,Holte,Falkonergardens High School,Gonzaga
5,Alex Martin,Jr,GF,Overland Park (KS),Blue Valley High School,Gonzaga
23,Zach Norvell,So,SG,Chicago (IL),Simeon Career Academy,Gonzaga
20,Paul Pennington,Fr,G,Boise (ID),Boise High School,Gonzaga
13,Josh Perkins,Sr,G,Denver (CO),Huntington Prep,Gonzaga
3,Filip Petrusev,Fr,FC,Belgrade,Montverde Academy,Gonzaga
33,Killian Tillie,Jr,C,Paris,INSEP Academy,Gonzaga
23,Cedrick Alley,Fr,F,Houston (TX),Klein Forest High School,Houston
24,Breaon Brady,Sr,F,Akron (OH),Ellet High School,Houston
30,Caleb Broodo,Fr,F,Midland (MI),Dow High School,Houston
3,Armoni Brooks,Jr,SG,Round Rock (TX),McNeil High School,Houston
5,Corey Davis,Sr,PG,Ruston (LA),Lafayette High School,Houston
2,Landon Goesling,Sr,G,Irving (TX),Coppell High School,Houston
55,Brison Gresham,So,PF,New Orleans (LA),McDonogh No. 35 High School,Houston
1,Chris Harris,Jr,C,Houston (TX),Madison High School,Houston
11,Nate Hinton,Fr,SF,Gastonia (NC),Gaston Day School,Houston
13,DeJon Jarreau,So,PG,New Orleans (LA),McDonogh No. 35 High School,Houston
-,Caleb Mills,RS-Fr,SG,Asheville (NC),Asheville Christian Academy,Houston
25,"Galen Robinson, Jr.",Sr,PG,Houston (TX),Westbury Christian School,Houston
15,Neil VanBeck,Fr,G,Houston (TX),Westside High School,Houston
35,Fabian White,So,F,Atascocita (TX),Atascocita High School,Houston
13,Austin Ash,Fr,G,Cedar Rapids (IA),Mount Vernon High School,Iowa
0,Michael Baer,So,F,Bettendorf (IA),Bettendorf High School,Iowa
51,Nicholas Baer,Sr,F,Bettendorf (IA),Bettendorf High School,Iowa
3,Jordan Bohannon,Jr,PG,Marion (IA),Linn-Mar High School,Iowa
25,Tyler Cook,Jr,C,St. Louis (MO),Chaminade College Preparatory School,Iowa
1,Maishe Dailey,Jr,SG,Beachwood (OH),Beachwood High School,Iowa
5,C.J. Fredrick,RS-Fr,SG,Alexandria (KY),Covington Catholic High School,Iowa
55,Luke Garza,So,C,Washington (DC),Maret High School,Iowa
24,Nicholas Hobbs,So,G,Chicago (IL),Fenwick High School,Iowa
15,Ryan Kriener,Jr,C,Spirit Lake (ID),Spirit Lake High School,Iowa
30,Connor McCaffery,Fr,SF,Iowa City (IA),West High School,Iowa
4,Isaiah Moss,Jr,SF,Chicago (IL),Simeon Career Academy,Iowa
2,Jack Nunge,RS-So,F,Newburgh (IN),Castle High School,Iowa
35,Cordell Pemsl,RS-Jr,PF,Dubuque (IA),Wahlert Catholic High School,Iowa
20,Riley Till,So,GF,Dubuque (IA),Wahlert Catholic High School,Iowa
10,Joe Wieskamp,Fr,SF,Muscatine (IA),Muscatine High School,Iowa
15,Carter Boothe,Fr,G,Leon (IA),Central Decatur High School,Iowa State
4,George Conditt IV,Fr,PF,Chicago (IL),Corliss High School,Iowa State
0,Zion Griffin,Fr,F,Chicago (IL),Hinsdale South High School,Iowa State
22,Tyrese Haliburton,Fr,PG,Oshkosh (WI),Oshkosh North High School,Iowa State
11,Talen Horton-Tucker,Fr,SF,Chicago (IL),Simeon Career Academy,Iowa State
12,Michael Jacobson,Jr,PF,Waukee (IA),Waukee High School,Iowa State
2,Cameron Lard,So,PF,Natchitoches (LA),Natchitoches Central High School,Iowa State
24,Terrence Lewis,So,SF,Milwaukee (WI),Riverside High School,Iowa State
10,Nate Schuster,Fr,F,Menomonee Falls (WI),Menomonee Falls High School,Iowa State
3,Marial Shayok,Sr,G,Ottawa,Blair Academy,Iowa State
25,Eric Steyer,Fr,G,Ames (IA),Ames High School,Iowa State
23,Zoran Talley,Sr,F,Merrillville (IN),Merrillville High School,Iowa State
1,Nick Weiler-Babb,Sr,F,Arlington (TX),Martin High School,Iowa State
5,Lindell Wigginton,So,SG,Dartmouth,Oak Hill Academy,Iowa State
33,Solomon Young,RS-Jr,C,Sacramento (CA),Sacramento High School,Iowa State
30,Ochai Agbaji,Fr,SF,Kansas City (KS),Oak Park High School,Kansas
35,Udoka Azubuike,Jr,C,Lagos,Potter's House Christian Academy,Kansas
22,Silvio De Sousa,So,FC,Luanda,IMG Academy,Kansas
11,Devon Dotson,Fr,PG,Charlotte (NC),Providence Day School,Kansas
10,Elijah Elliott,Fr,G,Southlake (TX),Carroll Senior High School,Kansas
0,Marcus Garrett,So,PG,Dallas (TX),Skyline High School,Kansas
5,Quentin Grimes,Fr,SG,The Woodlands (TX),College Park High School,Kansas
1,Dedric Lawson,Jr,PF,Memphis (TN),Hamilton High School,Kansas
13,K.J. Lawson,So,SF,Memphis (TN),Hamilton High School,Kansas
44,Mitchell Lightfoot,Jr,PF,Tucson (AZ),Ironwood Ridge High School,Kansas
20,Garrett Luinstra,Fr,G,Lawrence (KS),Lawrence Free State High School,Kansas
33,David McCormack,Fr,C,Norfolk (VA),Oak Hill Academy,Kansas
2,Charlie Moore,So,PG,Chicago (IL),Morgan Park High School,Kansas
12,Chris Teahan,So,G,Leawood (KS),Rockhurst High School,Kansas
24,Lagerald Vick,Sr,SG,Memphis (TN),Douglass High School,Kansas
5,"Barry Brown, Jr.",Sr,SG,St. Petersburg (FL),Gibbs High School,Kansas State
2,Cartier Diarra,So,SG,Florence (SC),West Florence High School,Kansas State
-,Goodnews Kpegeol,RS-Fr,F,North St. Paul (MN),North St. Paul High School,Kansas State
21,James Love III,So,PF,Miramar (FL),American Heritage School,Kansas State
14,Makol Mawien,Jr,C,Salt Lake City (UT),Granger High School,Kansas State
0,Mike McGuirl,So,G,Ellington (CT),East Catholic High School,Kansas State
24,Pierson Mcatee,Jr,GF,Manhattan (KS),Manhattan High School,Kansas State
35,Patrick Muldoon,Jr,F,Basehor (KS),Basehor-Linwood High School,Kansas State
1,Shaun Neal-Williams,Fr,PG,Florissant (MO),Hazelwood Central High School,Kansas State
45,Nigel Shadd,Fr,PF,Chandler (AZ),Tri-City Christian Academy,Kansas State
20,Xavier Sneed,Jr,SF,St. Louis (MO),Hazelwood Central High School,Kansas State
34,Levi Stockard III,So,F,St. Louis (MO),Vashon High School,Kansas State
3,Kamau Stokes,Sr,PG,Baltimore (MD),Fork Union Military Academy,Kansas State
23,Austin Trice,Jr,F,Chicago (IL),Hales Franciscan,Kansas State
32,Dean Wade,Sr,PF,St. John (KS),St. John High School,Kansas State
13,Jemarl Baker,Fr,SG,Eastvale (CA),Eleanor Roosevelt High School,Kentucky
12,Brad Calipari,Jr,G,Franklin Lakes (NJ),MacDuffie School,Kentucky
10,Jonny David,Sr,G,Pittsburgh (PA),Mt. Lebanon High School,Kentucky
2,Ashton Hagans,Fr,PG,Covington (GA),Newton High School,Kentucky
14,Tyler Herro,Fr,SG,Greenfield (WI),Whitnall High School,Kentucky
3,Keldon Johnson,Fr,SF,South Hill (VA),Oak Hill Academy,Kentucky
23,E.J. Montgomery,Fr,F,Port St. Lucie (FL),Joseph Wheeler High School,Kentucky
21,Zan Payne,RS-Fr,GF,Lexington (KY),Lexington Catholic High School,Kentucky
5,Immanuel Quickley,Fr,PG,Bel Air (MD),The John Carroll School,Kentucky
4,Nick Richards,So,C,Kingston,The Patrick School,Kentucky
22,Reid Travis,Sr,F,Minneapolis (MN),De La Salle High School,Kentucky
25,P.J. Washington,So,PF,Frisco (TX),Findlay College Prep,Kentucky
11,Kavell Bigby-Williams,Sr,F,London,Harris Academy Beckenham,LSU
21,Courtese Cooper,RS-So,F,Elgin (IL),Elgin High School,LSU
22,Darius Days,Fr,PF,Gainesville (FL),IMG Academy,LSU
5,Daryl Edwards,RS-Sr,G,Fresno (CA),Fresno Central High School,LSU
12,Marshall Graves,Jr,G,Ponchatoula (LA),Louisiana State University Laboratory School,LSU
15,Aundre Hyatt,RS-Fr,SF,White Plains (NY),The Miller School of Albemarle,LSU
20,Danya Kingsby,RS-Jr,PG,Milwaukee (WI),Alexander Hamilton High School,LSU
4,Skylar Mays,Jr,PG,Baton Rouge (LA),Louisiana State University Laboratory School,LSU
13,Will Reese,So,G,Leesville (LA),Anacoco High School,LSU
0,Naz Reid,Fr,C,Asbury (NJ),Roselle Catholic High School,LSU
44,Wayde Sims,Jr,PF,Baton Rouge (LA),Louisiana State University Laboratory School,LSU
1,Ja'Vonte Smart,Fr,G,Baton Rouge (LA),Scotlandville High School,LSU
14,Marlon Taylor,Jr,G,Mount Vernon (NY),Mount Vernon High School,LSU
10,Noah Thomas,Fr,SG,Cypress (TX),Cy-Fair High School,LSU
3,Tremont Waters,So,PG,New Haven (CT),Notre Dame High School,LSU
24,Emmitt Williams,Fr,PF,Lehigh Acres (FL),Oak Ridge High School,LSU
0,Akoy Agau,Sr,PF,Khartoum,Omaha Central High School,Louisville
10,Wyatt Battaile,Fr,GF,Pikeville (KY),Pikeville High School,Louisville
1,Christen Cunningham,Sr,G,Lexington (KY),Cordia High School,Louisville
23,Steven Enoch,Jr,PF,Norwalk (CT),St. Thomas More Prep,Louisville
4,Khwan Fore,Sr,G,Huntsville (AL),Lee High School,Louisville
3,Jo Griffin,So,G,La Grange (KY),South Oldham High School,Louisville
13,V.J. King,Jr,SF,Akron (OH),Paul VI Catholic High School,Louisville
30,Ryan McMahon,Jr,SG,Sarasota (FL),Cardinal Mooney High School,Louisville
33,Jordan Nwora,So,F,Buffalo (NY),Canisius High School,Louisville
2,Darius Perry,So,PG,Powder Springs (GA),Joseph Wheeler High School,Louisville
14,Will Rainey,Sr,G,Louisville (KY),Atherton High School,Louisville
12,Jacob Redding,So,G,Fort Wayne (IN),Carroll High School,Louisville
24,Dwayne Sutton,Jr,SG,Louisville (KY),duPont Manual High School,Louisville
5,Malik Williams,So,C,Fort Wayne (IN),R. Nelson Snider High School,Louisville
2,Sacar Anim,Jr,SG,Minneapolis (MN),De La Salle High School,Marquette
1,Brendan Bailey,Fr,SF,American Fork (UT),American Fork High School,Marquette
23,Jamal Cain,So,F,Pontiac (MI),Cornerstone Health and Technology High School,Marquette
21,Joseph Chartouny,Sr,PG,Saint-Hubert,College Jean-De-Brebeuf,Marquette
13,Ike Eke,Fr,PF,Lagos,University of Detroit Jesuit High School and Academy,Marquette
5,Greg Elliott,RS-So,G,Detroit (MI),East English Village Preparatory Academy,Marquette
40,Tommy Gardiner,Fr,F,Park Ridge (IL),Maine South High School,Marquette
22,Joey Hauser,Fr,PF,Stevens Point (WI),Stevens Point High School,Marquette
10,Sam Hauser,Jr,SF,Stevens Point (WI),Stevens Point High School,Marquette
12,Matt Heldt,Sr,C,Neenah (WI),Neenah High School,Marquette
0,Markus Howard,Jr,SG,Morristown (NJ),Findlay College Prep,Marquette
42,Buddy Jaffee,Fr,G,Michigan City (IN),Marquette Catholic High School,Marquette
4,Theo John,So,PF,Brooklyn Park (MN),Champlin Park High School,Marquette
41,Mike Lelito,So,G,Mt. Prospect (IL),Hersey High School,Marquette
52,Cam Marotta,Sr,G,Mequon (WI),Homestead High School,Marquette
30,Ed Morrow,Jr,PF,Chicago (IL),Simeon Career Academy,Marquette
5,Eric Ayala,Fr,SG,Wilmington (DE),IMG Academy,Maryland
13,Ivan Bender,Sr,C,Capljina,Elektrotehnicka Skola,Maryland
15,Will Clark,Jr,F,Bal Harbour (FL),Loyola Blakefield,Maryland
1,Anthony Cowan,Jr,PG,Olney (MD),St. John's College High School,Maryland
23,Bruno Fernando,So,C,Luanda,IMG Academy,Maryland
14,Ricky Lindo,Fr,F,Washington (DC),Woodrow Wilson High School,Maryland
12,Reese Mona,So,G,La Plata (MD),St. John's College High School,Maryland
11,Darryl Morsell,So,SG,Baltimore (MD),Mount Saint Joseph College,Maryland
24,Trace Ramsey,Fr,F,Valparaiso (IN),Don Bosco Preparatory,Maryland
25,Jalen Smith,Fr,C,Baltimore (MD),Mount Saint Joseph College,Maryland
10,Serrel Smith,Fr,G,St. Petersburg (FL),St. Petersburg High School,Maryland
4,Andrew Terrell,Sr,G,Indianapolis (IN),Brebeuf Jesuit Preparatory School,Maryland
0,Joshua Tomaic,So,F,Las Palmas de Gran Canaria,Canarias Basketball Academy,Maryland
20,Travis Valmon,Jr,G,Rockville (MD),Georgetown Preparatory School,Maryland
2,Aaron Wiggins,Fr,F,High Point (NC),Wesleyan Christian Academy,Maryland
24,C.J. Baird,So,F,Detroit (MI),Detroit Catholic Central High School,Michigan
13,Ignas Brazdeikis,Fr,SF,Kaunas,Orangeville Prep,Michigan
55,Eli Brooks,So,G,Spring Grove (PA),Spring Grove High School,Michigan
11,Colin Castleton,Fr,PF,Daytona Beach (FL),Father Lopez Catholic High School,Michigan
51,Austin Davis,Jr,C,Onsted (MI),Onsted High School,Michigan
0,David DeJulius,Fr,PG,Detroit (MI),East English Village Preparatory Academy,Michigan
23,Brandon Johns,Fr,F,Lansing (MI),East Lansing High School,Michigan
4,Isaiah Livers,So,PF,Kalamazoo (MI),Kalamazoo Central High School,Michigan
1,Charles Matthews,Jr,SG,Chicago (IL),St. Rita of Cascia High School,Michigan
5,Adrien Nunez,Fr,SG,Brooklyn (NY),St. Thomas More Prep,Michigan
25,Naji Ozeir,RS-So,F,Novi (MI),Salisbury School,Michigan
14,Rico Ozuna-Harrison,So,PG,Detroit (MI),Cass Technical High School,Michigan
2,Jordan Poole,So,SG,Milwaukee (WI),La Lumiere School,Michigan
3,Zavier Simpson,Jr,PG,Lima (OH),Lima Senior High School,Michigan
5,Jon Teske,Jr,PF,Medina (OH),Medina High School,Michigan
32,Luke Wilson,So,G,Boulder (CO),Boulder High School,Michigan
0,Kyle Ahrens,Jr,SG,Versailles (OH),Versailles High School,Michigan State
30,"Marcus Bingham, Jr.",Fr,PF,Grand Rapids (MI),Catholic Central High School,Michigan State
22,Gabe Brown,Fr,SF,Belleville (MI),Belleville High School,Michigan State
40,Braden Burke,So,C,Stevensville (MI),Lakeshore High School,Michigan State
41,Connor George,Jr,G,Okemos (MI),Okemos High School,Michigan State
25,Kenny Goins,Sr,F,Troy (MI),Warren Mott High School,Michigan State
11,Aaron Henry,Fr,F,Indianapolis (IN),Ben Davis High School,Michigan State
10,Jack Hoiberg,Fr,G,Burr Ridge (IL),Hinsdale Central High School,Michigan State
15,Thomas Kithier,Fr,C,Macomb (MI),Clarkston High School,Michigan State
1,Josh Langford,Jr,SG,Huntsville (AL),Madison Academy,Michigan State
3,Foster Loyer,Fr,PG,Clarkston (MI),Clarkston High School,Michigan State
20,Matt McQuaid,Sr,SG,Duncanville (TX),Duncanville High School,Michigan State
23,Xavier Tillman,So,PF,Grand Rapids (MI),Grand Rapids Christian High School,Michigan State
44,Nick Ward,Jr,PF,Gahanna (OH),Lincoln High School,Michigan State
14,Brock Washington,Fr,G,Southfield (MI),Southfield High School,Michigan State
5,Cassius Winston,Jr,PG,Detroit (MI),University of Detroit Jesuit High School and Academy,Michigan State
24,Abdul Ado,So,C,Chattanooga (TN),Hamilton Heights Christian Academy,Mississippi State
23,Tyson Carter,Jr,PG,Starkville (MS),Starkville High School,Mississippi State
10,Tate Clayton,So,G,Tupelo (MS),Tupelo High School,Mississippi State
45,E.J. Datcher,Jr,C,Vincent (AL),Vincent High School,Mississippi State
22,KeyShawn Feazell,So,PF,Monticello (MS),Lawrence County High School,Mississippi State
4,T.J. Gray,Jr,G,Columbus (MS),Columbus High School,Mississippi State
35,Aric Holman,Sr,C,Owensboro (KY),Owensboro High School,Mississippi State
30,Andrew Junkin,RS-Fr,F,Columbus (MS),New Hope High School,Mississippi State
15,Prince Oduro,So,PF,Toronto,First Love Christian Academy,Mississippi State
1,Reggie Perry,Fr,F,Tallahassee (FL),Thomasville High School,Mississippi State
2,Lamar Peters,Jr,PG,New Orleans (LA),L.B. Landry High School,Mississippi State
3,D.J. Stewart,RS-Fr,SG,Avon (MS),Riverside High School,Mississippi State
5,Mitch Storm,Jr,F,Madison (MS),Madison Central High School,Mississippi State
42,Jethro Tshisumpa,Jr,C,Dallas (TX),Mountain Mission High School,Mississippi State
0,Nick Weatherspoon,So,SG,Camden (MS),Velma Jackson Magnet High School,Mississippi State
11,Quinndary Weatherspoon,Sr,SG,Canton (MS),Velma Jackson Magnet High School,Mississippi State
12,Robert Woodard,Fr,G,Columbus (MS),Columbus High School,Mississippi State
14,K.J. Buffen,Fr,SF,Gainesville (GA),Gainesville High School,Ole Miss
10,Carlos Curry,RS-Fr,F,Albany (GA),Dougherty Comprehensive High School,Ole Miss
20,D.C. Davis,Sr,G,Purvis (MS),Purvis High School,Ole Miss
3,Terence Davis,Sr,SF,Southaven (MS),Southaven High School,Ole Miss
5,Brian Halums,Jr,GF,Hollandale (MS),Simmons High School,Ole Miss
0,Blake Hinson,Fr,SG,Daytona Beach (FL),Sunrise Christian Academy,Ole Miss
31,Eric Horn,Jr,F,Los Gatos (CA),Leigh High School,Ole Miss
33,John McBride,RS-Fr,G,Memphis (TN),Memphis University School,Ole Miss
11,Franco Miller Jr.,RS-Fr,PG,Freeport,Crestwood Preparatory College,Ole Miss
-,Miles Miller,RS-Fr,PG,Meridian (MS),Meridian High School,Ole Miss
30,Antonio Morgano,So,G,Morgantown (WV),Morgantown High School,Ole Miss
1,Zach Naylor,Jr,F,Houston (TX),William B. Travis High School,Ole Miss
13,Dominik Olejniczak,Jr,C,Torun,SMS Cetniewo Sports Academy,Ole Miss
15,Luis Rodriguez,Fr,SG,Woodstock (CT),Woodstock Academy,Ole Miss
2,Devontae Shuler,So,SG,Irmo (SC),Oak Hill Academy,Ole Miss
12,Bruce Stevens,Sr,PF,Bay Springs (MS),Bay Springs High School,Ole Miss
4,Breein Tyree,Jr,PG,Metuchen (NJ),St. Joseph High School,Ole Miss
21,Jordan Brown,Fr,F,Roseville (CA),Prolific Prep,Nevada
24,Jordan Caroline,Sr,F,Champaign (IL),Montverde Academy,Nevada
20,David Cunningham,Sr,G,Sacramento (CA),Bella Vista High School,Nevada
14,Lindsey Drew,RS-Sr,PG,Los Angeles (CA),Fairfax High School,Nevada
2,Corey Henson,Sr,G,Upper Marlboro (MD),DeMatha Catholic High School,Nevada
42,K.J. Hymes,RS-Fr,PF,Phoenix (AZ),St. Mary's High School,Nevada
22,Jazz Johnson,Jr,PG,Lake Oswego (OR),Lake Oswego High School,Nevada
40,Vincent Lee,RS-Fr,PF,Midlothian (TX),Midlothian High School,Nevada
10,Caleb Martin,Sr,F,Mocksville (NC),Oak Hill Academy,Nevada
11,Cody Martin,Sr,F,Mocksville (NC),Oak Hill Academy,Nevada
15,Trey Porter,Sr,F,Dumfries (VA),Potomac High School,Nevada
-,Robby Robinson,RS-So,PF,San Diego (CA),Kearny High School,Nevada
0,Tre'Shawn Thurman,Sr,F,Omaha (NE),Omaha Central High School,Nevada
23,Jalen Townsell,Fr,GF,Sparks (NV),Spanish Springs High School,Nevada
4,Josiah Wood,Sr,G,Reno (NV),Galena High School,Nevada
54,Zach Wurm,Sr,GF,Reno (NV),Bishop Manogue High School,Nevada
5,Nisre Zouzoua,Jr,SG,Brockton (MA),Boston Trinity Academy,Nevada
12,Evan Boudreaux,Jr,PF,Lake Forest (IL),Lake Forest High School,Purdue
14,Ryan Cline,Sr,SG,Carmel (IN),Carmel High School,Purdue
4,Emmanuel Dowuona,RS-Fr,C,Accra,Westwood Christian School,Purdue
20,Nojel Eastern,So,G,Evanston (IL),Evanston Township High School,Purdue
3,Carsen Edwards,Jr,PG,Humble (TX),Atascocita High School,Purdue
24,Grady Eifert,Sr,F,Fort Wayne (IN),Bishop Dwenger High School,Purdue
32,Matt Haarms,So,C,Amsterdam,Sunrise Christian Academy,Purdue
2,Eric Hunter,Fr,SG,Indianapolis (IN),Tindley School,Purdue
23,Kyle King,Fr,F,St. Charles (IL),St. Charles North High School,Purdue
15,Tommy Luce,Jr,G,Jeffersonville (IN),Jeffersonville High School,Purdue
55,Sasha Stefanovic,Fr,SG,Crown Point (IN),Crown Point High School,Purdue
1,Aaron Wheeler,Fr,SF,Stamford (CT),Brewster Academy,Purdue
50,Trevion Williams,Fr,C,Sterling Heights (MI),Henry Ford II High School,Purdue
0,Adrian Autry,Sr,G,Jamesville (NY),Jamesville-Dewitt High School,Syracuse
4,Antonio Balandi,Sr,F,N'Djamena,International School of Ouagadougou,Syracuse
25,Tyus Battle,Jr,SG,Edison (NJ),Gill St. Bernard's School,Syracuse
24,Shaun Belbey,RS-Sr,G,Brick (NJ),Christian Brothers Academy,Syracuse
35,Buddy Boeheim,Fr,SG,Syracuse (NY),Brewster Academy,Syracuse
20,Robert Braswell,Fr,PF,Blythewood (SC),Blythewood High School,Syracuse
11,OShae Brissett,So,PF,Toronto,Athlete Institute Prep,Syracuse
5,Jalen Carey,Fr,PG,Montclair (NJ),Immaculate Conception High School,Syracuse
13,Paschal Chukwu,Sr,C,Westport (CT),Fairfield College Preparatory School,Syracuse
21,Marek Dolezaj,So,SF,Bratislava,N/A,Syracuse
32,Ray Featherston,Jr,G,Westport (CT),Fairfield College Preparatory School,Syracuse
54,Ky Feldman,Sr,G,Agoura Hills (CA),Agoura High School,Syracuse
23,Frank Howard,Sr,GF,Washington (DC),Paul VI High School,Syracuse
4,Elijah Hughes,Jr,SF,Somers (NY),John F. Kennedy Catholic High School,Syracuse
12,Brendan Paul,Fr,G,Shaker Heights (OH),Brewster Academy,Syracuse
35,Bourama Sidibe,So,PF,Bamako,Saint Benedict's Preparatory School,Syracuse
10,Howard Washington,So,PG,Buffalo (NY),Athlete Institute Prep,Syracuse
11,Kyle Alexander,Sr,PF,Malton,Athlete Institute Prep,Tennessee
0,Jordan Bone,Jr,SG,Nashville (TN),The Ensworth School,Tennessee
23,Jordan Bowden,Jr,GF,Greenville (SC),22ft Basketball Academy,Tennessee
32,D.J. Burns,RS-Fr,C,Rock Hill (SC),York Preparatory Academy,Tennessee
24,Lucas Campbell,Sr,G,Knoxville (TN),Christian Academy of Knoxville,Tennessee
4,Jacob Fleschman,So,G,Austin (TX),Westlake High School,Tennessee
10,John Fulkerson,So,PF,Kingsport (TN),Briarcrest Christian School,Tennessee
34,Brock Jancek,Fr,F,Grand Rapids (MI),I.C. Norcom High School,Tennessee
13,Jalen Johnson,So,SF,High Point (NC),Wesleyan Christian Academy,Tennessee
33,Zach Kent,Fr,C,Middletown (DE),Blair Academy,Tennessee
35,Yves Pons,So,GF,Port-au-Prince,N/A,Tennessee
5,Admiral Schofield,Sr,SF,Zion (IL),Zion-Benton Township High School,Tennessee
1,Lamonte Turner,Jr,PG,Huntsville (AL),Arlington Country Day School,Tennessee
15,Derrick Walker,So,PF,Raytown (MO),Raytown Senior High School,Tennessee
2,Grant Williams,Jr,SF,Charlotte (NC),Providence Day School,Tennessee
12,Brad Woodson,Sr,G,Murfreesboro (TN),Riverdale High School,Tennessee
24,Avery Benson,Fr,G,Springdale (AR),Southwest Christian Academy,Texas Tech
3,Deshawn Corprew,So,SG,Hampton (VA),Phoebus High School,Texas Tech
23,Jarrett Culver,So,SG,Lubbock (TX),Coronado High School,Texas Tech
0,Kyler Edwards,Fr,G,Henderson (NV),Findlay College Prep,Texas Tech
1,Brandone Francis,Jr,GF,La Romana,Arlington Country Day School,Texas Tech
20,Parker Hicks,So,G,Decatur (TX),Decatur High School,Texas Tech
35,Joshua Mballa,Fr,SF,Paris,Putnam Science Academy,Texas Tech
-,Kevin McCullar,RS-Fr,PG,San Antonio (TX),Wagner High School,Texas Tech
13,Matt Mooney,Sr,G,Chicago (IL),Air Force Prep Academy,Texas Tech
21,Khavon Moore,Fr,SF,Macon (GA),Westside High School,Texas Tech
25,Davide Moretti,So,G,Bologna,N/A,Texas Tech
32,Norense Odiase,Sr,F,Crowley (TX),North Crowley High School,Texas Tech
10,Malik Ondigo,So,PF,El Mirage (AZ),Dysart High School,Texas Tech
11,Tariq Owens,Sr,PF,Baltimore (MD),St. Vincent Pallotti High School,Texas Tech
30,Andrew Sorrells,Jr,G,North Richland Hills (TX),St. John's Northwest Military Academy,Texas Tech
1,Leaky Black,Fr,SF,Concord (NC),Cox Mill High School,UNC
15,Garrison Brooks,So,C,Auburn (AL),Lafayette High School,UNC
25,Caleb Ellis,Jr,G,Apex (NC),Cary Christian School,UNC
42,Brandon Huffman,So,FC,Anchorage (AK),Word of God Christian Academy,UNC
13,Cameron Johnson,Sr,G,Moon Township (PA),Our Lady of the Sacred Heart High School,UNC
5,Nassir Little,Fr,SF,Jacksonville (FL),Orlando Christian Prep High School,UNC
21,Sterling Manley,So,F,Reynoldsburg (OH),Pickerington High School Central,UNC
32,Luke Maye,Sr,PF,Huntersville (NC),William A. Hough High School,UNC
22,Walker Miller,So,F,Greensboro (NC),New Hampton School,UNC
3,Andrew Platek,So,SG,Guilderland (NY),Northfield Mount Hermon School,UNC
4,Brandon Robinson,Jr,SG,Douglasville (GA),Douglas County High School,UNC
11,Shea Rush,Jr,F,Fairway (KS),The Barstow School,UNC
30,K.J. Smith,So,PG,Santa Ana (CA),IMG Academy,UNC
2,Coby White,Fr,PG,Wilson (NC),Greenfield School,UNC
24,Kenny Williams,Sr,SG,Richmond (VA),L.C. Bird High School,UNC
0,Seventh Woods,Jr,PG,Columbia (SC),Hammond School,UNC
4,Crew Ainge,So,G,Wellesley (MA),Kimball Union Academy,Utah State
12,Justin Bean,Fr,F,Moore (OK),Southmoore High School,Utah State
24,Diogo Brito,Jr,SG,Povoa de Varzim,Mountain Mission High School,Utah State
2,"Dwayne Brown, Jr.",Sr,F,Conyers (GA),Rockdale County High School,Utah State
13,Ke'Sean Davis,Jr,PF,Los Angeles (CA),William Howard Taft High School,Utah State
-,Trevin Dorius,RS-Fr,F,Heber City (UT),Wasatch Academy,Utah State
21,Ben Fakira,Fr,F,Sydney,Barker College,Utah State
14,Roche Grootfaam,RS-Jr,F,Paramaribo,Covenant Christian Academy,Utah State
30,Alek Johnson,So,G,Evanston (WY),Evanston High School,Utah State
3,John Knight III,So,G,Jackson (MS),Callaway High School,Utah State
1,Tauriawn Knight,Fr,G,Edmond (OK),Edmond Santa Fe High School,Utah State
5,Sam Merrill,Jr,G,Bountiful (UT),Bountiful High School,Utah State
22,Brock Miller,Fr,SG,Salt Lake City (UT),Brighton High School,Utah State
15,Abel Porter,So,G,Farmington (UT),Davis High School,Utah State
23,Neemias Queta,Fr,C,Barreiro,N/A,Utah State
0,Klay Stall,So,PF,Chandler (AZ),Basha High School,Utah State
10,Quinn Taylor,Sr,F,Houston (TX),Langham Creek High School,Utah State
24,P.J. Byrd,Fr,G,Richmond (TX),Fort Bend Bush High School,VCU
13,Malik Crowfield,Jr,PG,LaPlace (LA),Riverside Academy,VCU
11,KeShawn Curry,Fr,G,Jacksonville (FL),Fork Union Military Academy,VCU
4,Corey Douglas,So,PF,Louisville (KY),Fork Union Military Academy,VCU
2,Marcus Evans,Jr,PG,Virginia Beach (VA),Cape Henry Collegiate School,VCU
22,Michael Gilmore,Sr,F,Jacksonville (FL),James Rickards High School,VCU
15,Xavier Jackson,Sr,G,Hinesville (GA),Oceanside High School,VCU
0,De'Riante Jenkins,Jr,SF,Santee (SC),West Oak Academy,VCU
5,Sean Mobley,So,PF,Melbourne (FL),Montverde Academy,VCU
14,Marcus Santos-Silva,So,F,Taunton (MA),Vermont Academy,VCU
12,Dylan Sheehy-Guiseppi,So,G,Lake Havasu City (AZ),Saint Frances High School,VCU
1,Mike'l Simms,Jr,GF,Richmond (VA),Highland Springs High School,VCU
23,Issac Vann,Jr,SF,Bridgeport (CT),Bunnell High School,VCU
10,Vincent Williams,Fr,SF,Toledo (OH),St. John's Jesuit High School and Academy,VCU
15,Saddiq Bey,Fr,F,Washington (DC),Sidwell Friends School,Villanova
5,Phil Booth,Sr,G,Baltimore (MD),Mount Saint Joseph College,Villanova
21,Dhamir Cosby-Roundtree,So,C,Philadelphia (PA),Neumann-Goretti High School,Villanova
24,Joe Cremo,Sr,SG,Scotia (NY),Scotia-Glenville High School,Villanova
34,Tim Delaney,Jr,PF,Mullica Hill (NJ),Pitman High School,Villanova
2,Collin Gillespie,So,PG,Warminster (PA),Archbishop Wood High School,Villanova
22,Peyton Heck,Sr,G,Wilmington (DE),Archmere Academy,Villanova
31,Kevin Hoehn,So,G,Morristown (NJ),Morristown High School,Villanova
42,Dylan Painter,So,FC,Hershey (PA),Hershey High School,Villanova
4,Eric Paschall,Sr,F,Dobbs Ferry (NY),St. Thomas More Prep,Villanova
1,Jahvon Quinerly,Fr,PG,Jersey City (NJ),Hudson Catholic Regional High School,Villanova
23,Jermaine Samuels,So,SF,Franklin (MA),Rivers School,Villanova
12,Tim Saunders,Jr,GF,Del Mar (CA),Torrey Pines High School,Villanova
3,Brandon Slater,Fr,SF,Fairfax (VA),Paul VI Catholic High School,Villanova
10,Cole Swider,Fr,F,Providence (RI),St. Andrew's High School,Villanova
24,Marco Anthony,So,G,San Antonio (TX),Oliver Wendell Holmes High School,Virginia 
1,Francesco Badocchi,Fr,F,Milan,Bishop Miege High School,Virginia 
23,Francisco Caffaro,RS-Fr,C,Santa Fe,NBA Global Academy,Virginia 
0,Kihei Clark,Fr,PG,Woodland Hills (CA),William Howard Taft High School,Virginia 
25,Mamadi Diakite,Jr,PF,Conakry,Blue Ridge High School,Virginia 
5,Kyle Guy,Jr,SG,Indianapolis (IN),Lawrence Central High School,Virginia 
30,Jay Huff,So,C,Durham (NC),Voyager Academy,Virginia 
12,De'Andre Hunter,So,PF,Philadelphia (PA),Friends' Central School,Virginia 
11,Ty Jerome,Jr,PG,New Rochelle (NY),Iona Preparatory School,Virginia 
45,Austin Katstra,So,F,Charlottesville (VA),Albemarle High School,Virginia 
1,Grant Kersey,Jr,G,Charlottesville (VA),Albemarle High School,Virginia 
2,Braxton Key,Jr,SF,Nashville (TN),Oak Hill Academy,Virginia 
10,Jayden Nixon,Fr,G,Charlottesville (VA),Choate Rosemary,Virginia 
33,Jack Salt,Sr,C,Auckland,Westlake Boys High School,Virginia 
23,Kody Stattmann,Fr,SG,Cairns,St. Augustine's College,Virginia 
4,Nahiem Alleyne,Fr,G,Lawrenceville (GA),Mountain View High School,Virginia Tech
3,Wabissa Bede,Jr,PG,North Andover (MA),Cushing Academy,Virginia Tech
0,Hunter Cattoor,Fr,PG,Orlando (FL),Bishop Moore High School,Virginia Tech
15,Jalen Cone,Fr,PG,Walkertown (NC),Walkertown High School,Virginia Tech
-,Andre Gordon,Fr,G,Sidney (OH),Sidney High School,Virginia Tech
-,Yavuz Gultekin,Fr,SF,N/A,Bishop Walsh High School,Virginia Tech
14,P.J. Horne,Jr,F,Tifton (GA),Tift County High School,Virginia Tech
24,Branden Johnson,Jr,SF,Garfield Heights (OH),Garfield Heights High School,Virginia Tech
10,Jonathan Kabongo,So,PG,Toronto,Putnam Science Academy,Virginia Tech
2,Landers Nolley II,Fr,SF,Fairburn (GA),Langston Hughes High School,Virginia Tech
21,John Ojiako,Fr,SF,Lagos,Admiral Farragut Academy,Virginia Tech
11,Brendan Palmer,So,G,Lewisville (NC),Forsyth Country Day School,Virginia Tech
25,Ryan Payne,Jr,F,Mechanicsville (VA),Hanover High School,Virginia Tech
23,Tyrece Radford,Fr,G,Baton Rouge (LA),McKinley Senior High School,Virginia Tech
1,Isaiah Wilkins,So,F,Winston-Salem (NC),Mount Tabor High School,Virginia Tech
13,Grant Yates,So,F,Haymarket (VA),Battlefield High School,Virginia Tech
12,Trevor Anderson,So,SG,Stevens Point (WI),Stevens Point High School,Wisconsin
31,Michael Ballard,So,G,Oak Park (IL),Fenwick High School,Wisconsin
33,Taylor Currie,Fr,C,Worthington (OH),Clarkston High School,Wisconsin
34,Brad Davison,So,G,Maple Grove (MN),Maple Grove Senior High School,Wisconsin
2,Aleem Ford,So,SF,Lawrenceville (GA),IMG Academy,Wisconsin
22,Ethan Happ,Sr,F,Taylor Ridge (IL),Rockridge High School,Wisconsin
32,Joe Hedstrom,RS-Fr,C,Hopkins (MN),Hopkins High School,Wisconsin
4,Carter Higginbottom,RS-Fr,G,Chicago (IL),St. Ignatius College Prep,Wisconsin
25,Alex Illikainen,RS-Sr,PF,Grand Rapids (MI),Brewster Academy,Wisconsin
21,Khalil Iverson,Sr,SF,Delaware (OH),Rutherford B. Hayes High School,Wisconsin
23,Kobe King,Fr,SG,La Crosse (WI),Central High School,Wisconsin
3,Walt McGrory,So,G,Minneapolis (MN),Edina High School,Wisconsin
1,Brevin Pritzl,Jr,SG,DePere (WI),DePere High School,Wisconsin
35,Nate Reuvers,So,PF,Lakeville (MN),Lakeville North High School,Wisconsin
13,Tai Strickland,Fr,PG,Tampa (FL),St. Petersburg High School,Wisconsin
15,Charlie Thomas,Sr,PF,Clarksville (MD),River Hill High School,Wisconsin
0,D'Mitrik Trice,So,PG,Huber Heights (OH),IMG Academy,Wisconsin
24,Keve Aluma,So,F,Berlin (MD),Stephen Decatur High School,Wofford
4,Isaiah Bigelow,RS-Fr,G,Greensboro (NC),Ben L. Smith High School,Wofford
14,Drew Cottrell,Fr,G,Flowery Branch (GA),Lakeview Academy,Wofford
1,Chevez Goodwin,So,PF,Columbia (SC),Hammond School,Wofford
21,Tray Hollowell,So,G,Hopkinsville (KY),University Heights Academy,Wofford
10,Nathan Hoover,Jr,SG,Arlington (TN),Arlington High School,Wofford
33,Cameron Jackson,Sr,F,Winchester (VA),John Handley High School,Wofford
25,Messiah Jones,RS-Fr,F,Chicago (IL),Simeon Career Academy,Wofford
11,Ryan Larson,Fr,G,St. Paul (MN),Cretin Derham Hall High School,Wofford
3,Fletcher Magee,Sr,SG,Orlando (FL),The First Academy,Wofford
2,"Michael Manning, Jr.",So,FC,Memphis (TN),Lausanne Collegiate School,Wofford
12,Alex Michael,Fr,F,Greensboro (NC),Greensboro Day School,Wofford
5,Storm Murphy,So,G,Middleton (WI),Middleton High School,Wofford
50,Matthew Pegram,Sr,C,Mount Pleasant (SC),Wando High School,Wofford
15,Trevor Stumpe,Jr,SG,Plainfield (IL),Plainfield North High School,Wofford
31,Donovan Theme-Love,Jr,PG,Providence (RI),New Hampton School,Wofford
11,Tobias Cameron,Fr,G,Auckland,Hillcrest Christian College,Abilene Christian 
22,Chase Cobb,Jr,G,Richmond (TX),Faith West Academy,Abilene Christian 
4,Damien Daniels,Fr,G,Kansas City (MO),Hogan Prep High School,Abilene Christian 
15,Hayden Farquhar,Sr,PF,Throckmorton (TX),Throckmorton High School,Abilene Christian 
0,Jaylen Franklin,Sr,SG,Little Rock (AR),Parkview Arts and Science Magnet High School,Abilene Christian 
21,Jalone Friday,Jr,PF,Oklahoma City (OK),Oklahoma City Storm Homeschool,Abilene Christian 
42,Clay Gayman,Fr,F,Nevada (MO),Nevada High School,Abilene Christian 
33,Paul Hiepler,So,G,Camarillo (CA),Oaks Christian High School,Abilene Christian 
23,Hayden Howell,RS-Sr,PF,Midwest City (OK),Carl Albert High School,Abilene Christian 
34,Kolton Kohl,So,C,San Angelo (TX),San Angelo Central High School,Abilene Christian 
14,Trey Lenox,Jr,SG,Hot Springs (AR),Hot Springs High School,Abilene Christian 
1,Jaren Lewis,Sr,SG,Orlando (FL),Lake Highland Preparatory,Abilene Christian 
13,B.J. Maxwell,Jr,G,Austin (TX),N/A,Abilene Christian 
32,Joe Pleasant,Fr,F,Overland Park (KS),Blue Valley Northwest High School,Abilene Christian 
5,Payten Ricks,Jr,SG,Wichita (KS),Maize High School,Abilene Christian 
50,Seth Adelsperger,Jr,C,Peru (IN),Peru High School,Belmont
24,Michael Benkert,Jr,SG,Greenwood (IN),Center Grove High School,Belmont
31,Rilee Epley,RS-Fr,F,Evansville (IN),Harrison High School,Belmont
10,Caleb Hollander,Fr,F,Nashville (TN),Nashville Central Christian High School,Belmont
14,Nick Hopkins,So,PG,Fayetteville (TN),Fayetteville High School,Belmont
5,Adam Kunkel,Fr,G,Hebron (KY),Cooper High School,Belmont
1,Mitch Listau,RS-Fr,PG,Waunakee (WI),Waunakee High School,Belmont
0,Michael Mayernick,Fr,G,Nashville (TN),Christ Presbyterian Academy,Belmont
11,Kevin McClain,Sr,SG,Jasper (FL),Hamilton County High School,Belmont
25,Mack Mercer,Sr,F,Plymouth (IN),Plymouth High School,Belmont
2,Grayson Murphy,Fr,G,Thompson's Station (TN),Independence High School,Belmont
33,Nick Muszynski,Fr,C,Pickerington (OH),Saint Charles Preparatory School,Belmont
20,Tate Pierson,Fr,G,Brentwood (TN),Brentwood Academy,Belmont
21,Derek Sabin,Fr,F,Slinger (WI),Slinger High School,Belmont
35,Garrett Suedekum,So,G,Brentwood (TN),Brentwood Academy,Belmont
3,Dylan Windler,Sr,SF,Indianapolis (IN),Perry Meridian High School,Belmont
30,Francisco Amiel,Sr,PG,Lisbon,Agrupamento de Escolas Professor Ruy Luis Gomes,Colgate
12,Dana Batt,Sr,PF,Fort Wayne (IN),Homestead High School,Colgate
22,Hugh Baxter,So,F,Melbourne,Scotch College,Colgate
1,Jordan Burns,So,PG,San Antonio (TX),John Marshall High School,Colgate
14,Liam Courtney,Fr,FC,Mississauga,Chaminade College Preparatory School,Colgate
0,Nelly Cummings,So,G,Midland (PA),Lincoln Park Performing Arts Charter School,Colgate
3,David Favorite,Sr,G,San Antonio (TX),Alamo Heights High School,Colgate
13,Jack Ferguson,So,G,Fort Wayne (IN),Homestead High School,Colgate
25,Rapolas Ivanauskas,So,SF,Alytus,Barrington High School,Colgate
2,Zach Light,Fr,G,New York (NY),Northfield Mount Hermon School,Colgate
4,Sam Lindgren,Sr,PF,Doylestown (PA),Germantown Friends School,Colgate
21,David Maynard,So,G,Herriman (UT),Herriman High School,Colgate
10,Will Rayman,Jr,SF,New York (NY),New Hampton School,Colgate
5,Malcolm Regisford,Sr,PF,Burbank (CA),Kent School,Colgate
15,Tucker Richardson,Fr,G,Flemington (NJ),Hunterdon Central Regional High School,Colgate
23,Milan Williams,Jr,G,Detroit (MI),Detroit Country Day School,Colgate
42,Jimmy Yfantopulos,Fr,G,Lowell (MA),Brimmer & May School,Colgate
24,Nadi Beciri,Sr,F,Hackensack (NJ),Bergen Catholic High School,Fairleigh Dickinson
12,Kaleb Bishop,Jr,PF,Jersey City (NJ),St. Anthony High School,Fairleigh Dickinson
35,Marc Dadika,RS-Fr,F,Saddle Brook (NJ),St. Mary High School,Fairleigh Dickinson
1,Darnell Edge,Sr,G,Saugerties (NY),Saugerties High School,Fairleigh Dickinson
22,Brian Fabre,Jr,G,Bronx (NY),North Bergen High School,Fairleigh Dickinson
34,Mike Holloway,Sr,PF,Pittsgrove (NJ),Arthur P. Schalick High School,Fairleigh Dickinson
3,Jahlil Jenkins,So,G,Shenandoah Junction (WV),Virginia Academy,Fairleigh Dickinson
11,Tyler Jones,So,G,Lawrenceville (NJ),The Peddie School,Fairleigh Dickinson
5,Xzavier Malone,So,SF,Conshohocken (PA),Plymouth-Whitemarsh High School,Fairleigh Dickinson
33,Pat McNamara,Jr,SG,Chicago (IL),St. Viator High School,Fairleigh Dickinson
15,Oscar Okeke,So,C,Jersey City (NJ),St. Anthony High School,Fairleigh Dickinson
10,Brandon Powell,Fr,G,Middletown (NY),Pine Bush High School,Fairleigh Dickinson
2,"Bassel Saliba, Jr.",Fr,G,Hackensack (NJ),Hackensack High School,Fairleigh Dickinson
21,Elyjah Williams,So,F,Evanston (IL),Evanston Township High School,Fairleigh Dickinson
0,Jaylen Alston,Fr,F,Greensboro (NC),Eastern Guilford High School,Gardener-Webb
32,Gabe Bryant,RS-Fr,PF,Roebuck (SC),Dorman High School,Gardener-Webb
1,Jaheam Cornwall,So,PG,Brooklyn (NY),Putnam Science Academy,Gardener-Webb
24,Ludovic Dufeal,Fr,F,Saint-Joseph,Moravian Prep,Gardener-Webb
11,David Efianayi,Sr,G,Orlando (FL),Ocoee High School,Gardener-Webb
35,Kaleb Hewitt,So,G,Hickory (NC),Hickory High School,Gardener-Webb
2,Eric Jamison,Jr,SG,Atlanta (GA),Greater Atlanta Christian School,Gardener-Webb
3,Justin Jenkins,Jr,G,Knoxville (TN),Webb School of Knoxville,Gardener-Webb
10,Nate Johnson,So,G,Hollywood (FL),McArthur High School,Gardener-Webb
21,Kennedy Kincaid,Fr,G,Marion (NC),Moravian Prep,Gardener-Webb
25,D.J. Laster,Sr,PF,Pensacola (FL),Pensacola Catholic High School,Gardener-Webb
14,Brandon Miller,Sr,FC,Orlando (FL),Orlando Christian Prep High School,Gardener-Webb
23,Nick Morgan,So,G,Bluefield (VA),Graham High School,Gardener-Webb
5,Jose Perez,Fr,F,Brooklyn (NY),Putnam Science Academy,Gardener-Webb
4,Christian Turner,Jr,PG,Tyrone (GA),Sandy Creek High School,Gardener-Webb
15,Erick Valdez,RS-Fr,F,San Cristobal,Trinity Christian School,Gardener-Webb
2,Malik Benlevi,Sr,SF,Savannah (GA),Jenkins High School,Georgia State
35,Matt Chism,So,G,Dawsonville (GA),Dawson County High School,Georgia State
14,Chris Clerkley,Jr,PF,Perry (GA),Perry High School,Georgia State
0,Kavonte Ivery,Fr,SF,Stockbridge (GA),Stockbridge High School,Georgia State
20,Josh Linder,So,F,Kathleen (GA),Veterans High School,Georgia State
24,Devin Mitchell,Sr,G,Suwanee (GA),Collins Hill High School,Georgia State
10,Nelson Phillips,Fr,SG,Warner Robbins (GA),Warner Robins High School,Georgia State
15,D'Marcus Simonds,Jr,SG,Buford (GA),Buford High School,Georgia State
30,Jeff Thomas,Sr,G,Norwalk (OH),Norwalk High School,Georgia State
50,Jordan Tyson,Sr,F,Columbus (OH),Fishburne Miltary Academy,Georgia State
21,James Wall,Fr,F,Canton (GA),Creekview High School,Georgia State
12,Kane Williams,So,G,Douglasville (GA),South Paulding High School,Georgia State
1,Damon Wilson,Jr,PG,Powder Springs (GA),Our Savior New American School,Georgia State
12,Tajuan Agee,Jr,F,Chicago (IL),Hyde Park Career Academy,Iona
2,E.J. Crawford,Jr,SF,Simsbury (CT),St. Thomas More Prep,Iona
3,Asante Gist,Jr,PG,West Orange (NJ),St. Anthony High School,Iona
11,Roland Griffin,RS-Sr,SG,Aurora (IL),West Aurora High School,Iona
32,Payton Hudson,Fr,G,Yonkers (NY),Our Saviour Lutheran School,Iona
21,Gavin Kensmil,So,F,Paramaribo,Canarias Basketball Academy,Iona
13,Jahnathan Maxwell,Jr,F,Virginia Beach (VA),Genesis Academy,Iona
0,Rickey McGill,Sr,PG,Spring Valley (NY),Spring Valley High School,Iona
44,Niksa Nikolic,Jr,SF,Belgrade,N/A,Iona
5,Ben Perez,Jr,G,San Diego (CA),Air Force Prep Academy,Iona
24,Malik Rhem,Jr,G,Bronx (NY),Cardinal Spellman High School,Iona
10,Andrija Ristanovic,Fr,C,Belgrade,Hillcrest Academy,Iona
1,Isaiah Still,Jr,SG,Roselle (NJ),Union Catholic Regional High School,Iona
0,Myo Baxter-Bell,Jr,SF,Cincinnati (OH),Chaminade-Julienne High School,Liberty
3,"Lovell Cabbil, Jr.",Sr,PG,Arlington (TX),Mansfield Summit High School,Liberty
10,Elijah Cuffee,So,SG,Poca (WV),Poca High School,Liberty
4,Tytist Dean,RS-Fr,G,St. Paul (MN),North St. Paul High School,Liberty
15,Zach Farquhar,Sr,G,Cincinnati (OH),Sycamore High School,Liberty
5,Keenan Gumbs,Sr,G,Cibolo (TX),Steele High School,Liberty
1,Caleb Homesley,Jr,SG,Indian Trail (NC),Porter Ridge High School,Liberty
31,Scottie James,Jr,SF,Tarpon Springs (FL),Tarpon Springs High School,Liberty
20,Keegan McDowell,So,SF,Cincinnati (OH),Moeller High School,Liberty
2,Darius McGhee,Fr,G,Roxboro (NC),Blue Ridge School,Liberty
55,Brendan Newton,Fr,C,Roanoke (VA),Faith Christian Academy,Liberty
11,Jorge Pacheco-Ortiz,Jr,SG,Ponce (PR),Deep Run High School,Liberty
32,Blake Preston,RS-Fr,C,Charlotte (NC),Charlotte Christian School,Liberty
25,Josh Price,RS-Fr,GF,Matthews (NC),Carmel Christian School,Liberty
5,Amir Coffey,Jr,SF,Minnetonka (MN),Hopkins High School,Minnesota
13,Hunt Conroy,So,G,New Orleans (LA),Jesuit High School,Minnesota
24,Eric Curry,So,PF,Memphis (TN),Ridgeway High School,Minnesota
42,Michael Hurt,Jr,PF,Rochester (MN),John Marshall High School,Minnesota
12,Jarvis Johnson,Sr,PG,Brooklyn Park (MN),De La Salle High School,Minnesota
22,Gabe Kalscheur,Fr,SG,Minneapolis (MN),De La Salle High School,Minnesota
1,Dupree McBrayer,Sr,SG,Springfield Garden (NY),Sunrise Christian Academy,Minnesota
3,Jordan Murphy,Sr,SF,San Antonio (TX),William J. Brennan High School,Minnesota
21,Jarvis Omersa,Fr,PF,Long Lake (MN),Orono High School,Minnesota
25,Daniel Oturu,Fr,FC,St. Paul (MN),Cretin Derham Hall High School,Minnesota
10,Brady Rudrud,Jr,G,Eden Prairie (MN),Eden Prairie High School,Minnesota
35,Matz Stockman,Sr,C,Oslo,Canarias Basketball Academy,Minnesota
31,Brock Stull,Sr,G,Rockford (IL),Boylan Catholic High School,Minnesota
11,Isaiah Washington,So,PG,Bronx (NY),St. Raymond High School for Boys,Minnesota
15,Jamar Akoh,Sr,F,Rancho Cucamonga (CA),Los Osos High School,Montana
23,Mack Anderson,Fr,F,Bozeman (MT),Bozeman High School,Montana
3,Freddy Brown III,Fr,PG,Seattle (WA),Nathan Hale High School,Montana
13,Ben Carter,Fr,FC,Adelaide,Sacred Heart College High School,Montana
2,Donaven Dorsey,Sr,F,Lacey (WA),Timberline High School,Montana
10,Eddy Egun,RS-Fr,G,Woodland Hills (CA),El Camino Real High School,Montana
1,Timmy Falls,So,SG,Dublin (CA),Dublin High School,Montana
32,Peter Jones,Fr,F,Seattle (WA),O'Dea High School,Montana
33,Kelby Kramer,Fr,C,Rock Springs (WY),Rock Springs High School,Montana
12,Kendal Manuel,Jr,SG,Billings (MT),Skyview High School,Montana
34,Tony Miller,Jr,F,Woodinville (WA),Woodinville High School,Montana
24,Bobby Moorehead,Sr,SG,Tacoma (WA),Stadium High School,Montana
0,Michael Oguine,Sr,PG,Reseda (CA),Chaminade College Preparatory High School,Montana
4,Sayeed Pridgett,Jr,SG,Oakland (CA),El Cerrito High School,Montana
14,Ahmaad Rorie,Sr,G,Tacoma (WA),Lincoln High School,Montana
10,Tevin Brown,Fr,G,Fairhope (AL),Fairhope High School,Murray State
11,Shaq Buchanan,Sr,G,Madison (MS),Madison Central High School,Murray State
32,Darnell Cowart,Jr,F,Chicago (IL),Agua Fria High School,Murray State
0,Mike Davis,Jr,F,East Brewton (AL),W.S. Neal High School,Murray State
14,Jaiveon Eaves,Jr,SG,Madisonville (KY),Madisonville-North Hopkins High School,Murray State
13,Devin Gilmore,So,F,Picayune (MS),Ridgeland High School,Murray State
25,Jalen Johnson,Fr,G,Hopkinsville (KY),Hopkinsville High School,Murray State
12,Ja Morant,So,G,Dalzell (SC),Crestwood High School,Murray State
4,Brion Sanchious,Sr,SF,Oakland Park (FL),Northeast High School,Murray State
24,Anthony Smith,RS-Sr,F,Suitland (MD),Potomac High School,Murray State
1,DaQuan Smith,RS-Fr,PG,Holly Springs (MS),Holly Springs High School,Murray State
22,Brion Whitley,So,SG,Sarasota (FL),Sarasota Christian High School,Murray State
23,K.J. Williams,Fr,F,Cleveland (MS),Cleveland Central Catholic High School,Murray State
12,Noah Christensen,Fr,F,Breckenridge (MN),Breckenridge High School,ND State
21,Jarius Cook,So,G,Brooklyn Park (MN),Park Center Senior High School,ND State
3,Tyree Eady,So,G,Middleton (WI),Middleton High School,ND State
5,Sam Griesel,So,GF,Lincoln (NE),Lincoln East High School,ND State
23,Maleeck Harden-Hayes,Fr,F,Moorhead (MN),Moorhead Park Christian High School,ND State
22,Cameron Hunter,Jr,PG,Olathe (KS),Olathe East High School,ND State
2,Jaxon Knotek,So,G,River Falls (WI),River Falls High School,ND State
34,Rocky Kreuser,Jr,F,White Bear Lake (MN),Totino-Grace High School,ND State
13,Chris Quayle,Sr,G,Riverton (WY),Riverton High School,ND State
11,Jared Samuelson,Sr,G,Gretna (NE),Gretna High School,ND State
0,Vinnie Shahid,Sr,G,Minneapolis (MN),Hopkins High School,ND State
24,Tyson Ward,Sr,SG,Tampa (FL),Tampa Preparatory School,ND State
32,Odell Wilson IV,Fr,F,Minneapolis (MN),North Community High School,ND State
44,Tyler Witz,Jr,F,Clear Folk (WV),Countryside High School,ND State
15,Ivan Aurrecoechea,Jr,PF,Torrejon de Ardoz,Canarias Basketball Academy,NM State
13,C.J. Bobbitt,Jr,SG,Harker Heights (TX),Harker Heights High School,NM State
25,Robert Brown,Fr,PF,Dallas (TX),Advanced Prep International,NM State
3,Terrell Brown,Jr,SG,Hayward (CA),Moreau Catholic High School,NM State
1,Shunn Buchanan,Jr,G,Madison (MS),Madison Central High School,NM State
22,Eli Chuha,Sr,F,Redlands (CA),Redlands East Valley High School,NM State
-,Junub Chuol,Fr,PG,Omaha (NE),Village Christian Academy,NM State
12,A.J. Harris,Jr,PG,Dayton (OH),Dunbar High School,NM State
5,Clayton Henry,Jr,G,Calgary,Bishop McNally High School,NM State
0,Berrick JeanLouis,Fr,SF,Lehigh Acres (FL),Lehigh Senior High School,NM State
11,Keyon Jones,Sr,G,Dorchester (MA),Milton High School,NM State
35,Johnny McCants,So,F,Las Cruces (NM),Onate High School,NM State
-,"William McNair, Jr.",RS-Fr,C,Philadelphia (PA),Martin Luther King High School,NM State
-,Tennessee Owens,Fr,G,Las Cruces (NM),Centennial High School,NM State
20,Trevelin Queen,Jr,G,Baltimore (MD),North County High School,NM State
10,Jabari Rice,Fr,G,Houston (TX),Marshall High School,NM State
23,Mohamed Thiam,Jr,F,Dakar,Canarias Basketball Academy,NM State
21,Addison Wallace,Fr,G,Cleburne (TX),Cleburne High School,NM State
4,JoJo Zamora,Sr,SG,Oakland (CA),Newark Memorial High School,NM State
14,Maxime Boursiquot,RS-Jr,SF,Ottawa,Kent School,Northeastern
20,Bolden Brace,Jr,SF,Santa Barbara (CA),Santa Barbara High School,Northeastern
13,Myles Franklin,So,PG,Villa Park (CA),Villa Park High School,Northeastern
30,Anthony Green,Sr,PF,Quincy (MA),Tilton School,Northeastern
22,"Donnell Gresham, Jr.",Jr,PG,St. Paul (MN),Cretin Derham Hall High School,Northeastern
11,Jeremy Miller,Sr,PF,Milton (MA),New Hampton School,Northeastern
33,Tomas Murphy,So,PF,Wakefield (RI),Northfield Mount Hermon School,Northeastern
1,Shawn Occeus,Jr,SF,Boca Raton (FL),Grandview Prep,Northeastern
4,Vasa Pusica,Sr,G,Belgrade,Sunrise Christian Academy,Northeastern
12,Jordan Roland,Jr,PG,Syracuse (NY),Westhill High School,Northeastern
0,Jason Strong,Fr,F,Coconut Creek (FL),Westminster Academy,Northeastern
24,Shaquille Walters,So,GF,Denmark Hill,Lee Academy Prep,Northeastern
0,Silas Adheke,So,FC,Lagos,Hamilton Heights Christian Academy,Northern Kentucky
3,Tre Cobbs,RS-Jr,PG,Lima (OH),Lima Central Catholic High School,Northern Kentucky
2,Paul Djoko,Fr,GF,Strasbourg,N/A,Northern Kentucky
24,Brooks Ely,Jr,G,Nicholasville (KY),Hargrave Military Academy,Northern Kentucky
12,Trevon Faulkner,Fr,PG,Harrodsburg (KY),Mercer County High School,Northern Kentucky
10,"Gerald Gray, Jr.",Fr,G,Louisville (KY),Pleasure Ridge Park High School,Northern Kentucky
34,Drew McDonald,Sr,SF,Newport (KY),Newport Central Catholic High School,Northern Kentucky
25,Bryant Mocaby,Fr,GF,Derby (KS),Derby High School,Northern Kentucky
4,Adrian Nelson,Fr,F,Pickerington (OH),Pickerington High School Central,Northern Kentucky
5,Zaynah Robinson,Sr,G,Duluth (GA),Duluth High School,Northern Kentucky
15,Tyler Sharpe,Jr,G,Mount Washington (KY),Bullitt East High School,Northern Kentucky
11,Jalen Tate,So,SF,Pickerington (OH),Pickerington High School Central,Northern Kentucky
20,Chris Taylor,Fr,G,Wichita (KS),IMG Academy,Northern Kentucky
33,Chris Vogt,So,C,Mayfield (KY),Graves County High School,Northern Kentucky
32,Dantez Walton,Jr,SF,Lima (OH),Lima Central Catholic High School,Northern Kentucky
44,David Wassler,Fr,C,Cincinnati (OH),St. Xavier High School,Northern Kentucky
10,Justin Ahrens,Fr,SG,Versailles (OH),Versailles High School,Ohio State
42,Harrison Hookfin,Fr,F,Lebanon (OH),Lebanon High School,Ohio State
40,Daniel Hummer,Jr,G,Upper Arlington (OH),Upper Arlington High School,Ohio State
3,C.J. Jackson,Sr,PG,Charlotte (NC),Montverde Academy,Ohio State
2,Musa Jallow,So,SF,Bloomington (IN),Bloomington High School North,Ohio State
14,Joey Lane,Sr,G,Deerfield (IL),Deerfield High School,Ohio State
23,Jaedon LeDee,Fr,SG,Houston (TX),The Kinkaid School,Ohio State
1,Luther Muhammad,Fr,SG,Jersey City (NJ),Hudson Catholic Regional High School,Ohio State
4,"Duane Washington, Jr.",Fr,G,Chatsworth (CA),Sierra Canyon School,Ohio State
24,Andre Wesson,Jr,SF,Westerville (OH),Westerville South High School,Ohio State
34,Kaleb Wesson,So,C,Westerville (OH),Westerville South High School,Ohio State
32,Keyshawn Woods,Sr,G,Gastonia (NC),Northside Christian Academy,Ohio State
25,Kyle Young,So,PF,Massillon (OH),Jackson High School,Ohio State
24,Jamal Bieniemy,Fr,SG,Katy (TX),Obra D. Tompkins High School,Oklahoma
2,Aaron Calixte,Sr,G,Stoughton (MA),Stoughton High School,Oklahoma
21,Kristian Doolittle,Jr,SF,Edmond (OK),Edmond Memorial High School,Oklahoma
5,Matt Freeman,Jr,PF,Auckland,Westlake Boys High School,Oklahoma
22,Patrick Geha,Sr,F,Leawood (KS),Rockhurst High School,Oklahoma
0,Christian James,Sr,SF,Houston (TX),Bellaire High School,Oklahoma
52,Kur Kuath,RS-Jr,F,Khartoum,Kearns High School,Oklahoma
14,Ty Lazenby,RS-Sr,G,Glencoe (OK),Glencoe High School,Oklahoma
35,Brady Manek,So,SF,Harrah (OK),Harrah High School,Oklahoma
4,Jamuni McNeace,Sr,C,Allen (TX),Allen High School,Oklahoma
1,Rashard Odomes,Sr,SG,Copperas Cove (TX),Copperas Cove High School,Oklahoma
44,Hannes Polla,So,C,Kuopio,Helsinki Basketball Academy,Oklahoma
3,Miles Reynolds,Sr,G,Chicago (IL),Whitney Young High School,Oklahoma
30,Luke Stephenson,Jr,G,Lubbock (TX),Trinity High School,Oklahoma
32,Read Streller,So,F,Edmond (OK),Oklahoma Christian School,Oklahoma
30,Marshall Thorpe,Jr,F,Tulsa (OK),Bishop Kelly High School,Oklahoma
20,Loren Brill,So,G,Gaithersburg (MD),Georgetown Preparatory School,Old Dominion
13,Aaron Carver,Jr,PF,Elizabeth City (NC),South Kent School,Old Dominion
4,Ahmad Caver,Sr,PG,Suwanee (GA),St. John's Northwest Military Academy,Old Dominion
23,Dajour Dickens,So,C,Hampton (VA),Bethel High School,Old Dominion
22,Kalu Ezikpe,Fr,FC,Lawrenceville (GA),Discovery High School,Old Dominion
0,Marquise Godwin,So,GF,Hampton (VA),Hampton High School,Old Dominion
10,Xavier Green,So,SG,Williamsburg (VA),Williamsburg Christian Academy,Old Dominion
12,Quishon Harris,Fr,PG,Hampton (VA),Hampton High School,Old Dominion
2,Justice Kithcart,So,PG,Durham (NC),Virginia Episcopal School,Old Dominion
21,Alfredos Pilavios,RS-So,PF,Athens,Moraitis School,Old Dominion
15,Joe Reece,Fr,PF,St. Louis (MO),Vashon High School,Old Dominion
25,Elbert Robinson III,Sr,C,Garland (TX),Lakeview Centennial High School,Old Dominion
3,B.J. Stith,Sr,G,Brunswick (VA),Brunswick High School,Old Dominion
1,Jason Wade,Fr,PG,Richmond (VA),Trinity Episcopal School,Old Dominion
4,Ehab Amin,Sr,G,Alexandria,St. John's Northwest Military Academy,Oregon
10,"Victor Bailey, Jr.",So,SG,Austin (TX),McNeil High School,Oregon
1,Bol Bol,Fr,C,Olathe (KS),Findlay College Prep,Oregon
54,Will Johnson,Fr,G,Pacific Palisades (CA),Palisades Charter High School,Oregon
24,Abu Kigab,So,G,Melbourne,Prolific Prep,Oregon
2,Louis King,Fr,SF,Roselle (NJ),Hudson Catholic Regional High School,Oregon
5,Miles Norris,Fr,PF,Chula Vista (CA),Brewster Academy,Oregon
33,Francis Okoro,Fr,PF,Imo,Normal Community West High School,Oregon
25,Luke Osborn,So,G,Clackamas (OR),Tualatin High School,Oregon
3,Payton Pritchard,Jr,PG,West Linn (OR),West Linn High School,Oregon
0,Will Richardson,Fr,PG,Hinesville (GA),Oak Hill Academy,Oregon
13,Paul White,Sr,PF,Chicago (IL),Whitney Young High School,Oregon
14,Kenny Wooten,So,PF,Manteca (CA),Manteca High School,Oregon
3,Javon Bess,Sr,F,Columbus (OH),Lincoln High School,Saint Louis
12,Brandon Courtney,Fr,G,Tremont (IL),Wesclin High School,Saint Louis
1,D.J. Foreman,Sr,SF,Spring Valley (NY),Massanutten Military Academy,Saint Louis
11,Hasahn French,So,SF,Middletown (NY),Commonwealth School,Saint Louis
0,Jordan Goodwin,So,SG,Belleville (IL),Althoff Catholic High School,Saint Louis
5,Carte'Are Gordon,Fr,F,St. Louis (MO),Webster Groves High School,Saint Louis
24,Ingvi Thor Gudmundsson,Fr,G,Grindavik,N/A,Saint Louis
23,K.C. Hankton,Fr,F,Charlotte (NC),United Faith Christian Academy,Saint Louis
2,Tramaine Isabell,Sr,G,Seattle (WA),Garfield High School,Saint Louis
15,Demarius Jacobs,Fr,SG,Chicago (IL),Hillcrest Prep,Saint Louis
31,Jack Raboin,Jr,G,Mattoon (IL),Mattoon High School,Saint Louis
20,Fred Thatch,Fr,SG,Sikeston (MO),Sikeston High School,Saint Louis
33,Elliott Welmer,So,PF,Columbus (IN),Bridgton Academy,Saint Louis
4,Dion Wiley,Sr,SG,Newark (NJ),Potomac High School,Saint Louis
33,Kyle Clark,Jr,SF,Wynyard,Hellyer College,Saint Mary's
2,Quinn Clinton,Fr,G,Christchurch,Christchurch Boys' High School,Saint Mary's
24,Malik Fitts,So,SF,La Verne (CA),Damien High School,Saint Mary's
3,Jordan Ford,Jr,PG,Folsom (CA),Folsom High School,Saint Mary's
42,Dan Fotu,Fr,PF,Auckland,Rangitoto School,Saint Mary's
1,Jordan Hunter,Sr,C,Sydney,Ignatius Park College,Saint Mary's
0,Tanner Krebs,Jr,G,Hobart,Lake Ginniderra High School,Saint Mary's
12,Tommy Kuhse,So,G,Mesa (AZ),Mountain View High School,Saint Mary's
41,Aaron Menzies,RS-Sr,C,Manchester,Loreto High School Chorlton,Saint Mary's
35,Alex Mudronja,Fr,PG,Adelaide,Lake Ginniderra High School,Saint Mary's
5,Jock Perry,So,C,Melbourne,Australian Centre of Excellence,Saint Mary's
15,Dan Sheets,Jr,F,San Ramon (CA),Dougherty Valley High School,Saint Mary's
11,Matthias Tass,Fr,PF,Tallinn,N/A,Saint Mary's
10,Elijah Thomas,So,SF,Peoria (AZ),Sunrise Mountain High School,Saint Mary's
23,Kristers Zoriks,Fr,PG,Dobele,New Hampton School,Saint Mary's
30,Asiah Avent,Jr,G,Somerville (NJ),Immaculata High School,Senton Hall
32,Darnell Brodie,Fr,F,Newark (NJ),East Side High School,Senton Hall
22,Myles Cale,So,G,Middletown (DE),Appoquinimink High School,Senton Hall
35,Romaro Gill,RS-Sr,C,St. Thomas (VI),St. Thomas Technical High School,Senton Hall
23,Sandro Mamukelashvili,So,F,Tbilisi,Montverde Academy,Senton Hall
0,Quincy McKnight,Jr,SG,Bridgeport (CT),Phelps Prep,Senton Hall
2,Anthony Nelson,Fr,PG,New York (NY),South Kent School,Senton Hall
1,Michael Nzei,Sr,F,Makurdi,Our Savior New American School,Senton Hall
13,Myles Powell,Jr,SG,Trenton (NJ),South Kent School,Senton Hall
33,Shavar Reynolds,So,G,Manchester Township (NJ),Manchester Township High School,Senton Hall
14,Jared Rhoden,Fr,SG,Bronx (NY),Our Saviour Lutheran School,Senton Hall
15,Taurean Thompson,So,C,Jersey City (NJ),Brewster Academy,Senton Hall
0,J.C. Butler,Fr,F,Racine (WI),The Prairie School,UC Irvine
3,Robert Cartwright,Sr,G,Pasadena (CA),Flintridge Preparatory School,UC Irvine
1,Devin Cole,RS-Fr,G,Ventura (CA),Buena High School,UC Irvine
11,John Edgar,Jr,F,Chino Hills (CA),Ayala High School,UC Irvine
5,Jonathan Galloway,Sr,F,Brentwood (CA),Salesian College Prep,UC Irvine
55,Brad Greene,RS-Jr,C,Lone Pine (CA),Lone Pine High School,UC Irvine
2,Max Hazzard,Jr,PG,Los Angeles (CA),Loyola High School,UC Irvine
50,Elston Jones,Sr,F,Goodyear (AZ),Millenium High School,UC Irvine
4,Aiden Krause,RS-Fr,G,Brisbane,The Centre of Excellence,UC Irvine
14,Evan Leonard,Jr,PG,Cerritos (CA),Cerritos High School,UC Irvine
25,Spencer Rivers,Sr,G,Winter Park (FL),Winter Park High School,UC Irvine
35,Solomon Ruddell,Fr,C,Pottstown (PA),The Hill School,UC Irvine
42,Tommy Rutherford,Jr,C,San Diego (CA),Grossmont High School,UC Irvine
23,Darrian Traylor,Jr,SG,Las Vegas (NV),Centennial High School,UC Irvine
40,Collin Welp,Fr,PF,Seattle (WA),Seattle Preparatory School,UC Irvine
24,Eyassu Worku,Jr,PG,Los Alamitos (CA),Los Alamitos High School,UC Irvine
2,Terrell Allen,Jr,PG,Upper Marlboro (MD),DeMatha Catholic High School,UCF
25,Ryan Anders,Fr,F,Tampa (FL),Wharton High School,UCF
20,Frank Bertz,Jr,F,Hesperia (CA),Sultana High School,UCF
21,Chad Brown,Sr,C,Deltona (FL),Deltona High School,UCF
31,Anthony Catotti,Sr,F,Sanford (FL),Seminole High School,UCF
15,Aubrey Dawkins,Jr,F,Palo Alto (CA),New Hampton School,UCF
4,Ceasar DeJesus,So,G,Jersey City (NJ),Mount Zion Baptist Christian School,UCF
5,Myles Douglas,RS-So,SF,Baltimore (MD),Paul VI High School,UCF
24,Tacko Fall,Sr,C,Dakar,Liberty Christian Preparatory School,UCF
3,Dre Fuller,RS-Fr,SF,St. Petersburg (FL),Admiral Farragut Academy,UCF
12,Xavier Grant,Fr,G,Fort Lauderdale (FL),American Heritage School,UCF
10,Dayon Griffin,Sr,G,St. Petersburg (FL),St. Petersburg High School,UCF
22,Chance McSpadden,Jr,SG,Winter Haven (FL),Winter Haven High School,UCF
13,Levy Renaud,Fr,GF,Fort Lauderdale (FL),NSU University School,UCF
35,Collin Smith,So,C,Jacksonville (FL),The Bolles School,UCF
20,Brock Stephenson,Jr,G,Miami (FL),Dade Christian High School,UCF
1,B.J. Taylor,Sr,PG,Orlando (FL),William R. Boone High School,UCF
11,Rokas Ulvydas,Jr,PF,Kaunas,Mount Zion Baptist Christian School,UCF
35,Ryan Davis,Fr,F,River Grove (IL),James B. Conant High School,Vermont 
5,Samuel Dingba,Sr,F,Yaounde,Salisbury School,Vermont 
20,Ernie Duncan,Sr,G,Evansville (IN),Harrison High School,Vermont 
21,Everett Duncan,Jr,SG,Evansville (IN),William Henry Harrison High School,Vermont 
4,Robin Duncan,Fr,SG,Evansville (IN),Evansville Central High School,Vermont 
25,Kevin Garrison,Fr,G,Burlington (VT),Burlington High School,Vermont 
14,Ra Kpedi,So,F,Indianapolis (IN),Lawrence North High School,Vermont 
3,Anthony Lamb,Jr,PF,Rochester (NY),Greece Athena High School,Vermont 
44,Jake Lorenzo,Fr,C,Englishtown (NJ),Point Pleasant High School,Vermont 
14,Isaiah Moll,Fr,F,Albany (NY),Colonie High School,Vermont 
1,Skyler Nash,Fr,SF,Chicago (IL),Whitney Young High School,Vermont 
12,Bailey Patella,So,F,Lenox (MA),Vermont Academy,Vermont 
24,Ben Shungu,So,G,South Burlington (VT),Rice Memorial High School,Vermont 
0,Stef Smith,So,PG,Toronto,Bill Crothers Secondary,Vermont 
32,Josh Speidel,So,C,Columbus (IN),Columbus North High School,Vermont 
20,Quin Barnard,So,G,Bellevue (WA),O'Dea High School,Washington
0,Jamal Bey,Fr,SG,Las Vegas (NV),Bishop Gorman High School,Washington
11,Nahziah Carter,So,SF,Rochester (NY),Bishop Kearney High School,Washington
12,Jason Crandall,So,G,Issaquah (WA),Issaquah High School,Washington
1,David Crisp,Sr,PG,Lakewood (WA),Brewster Academy,Washington
15,Noah Dickerson,Sr,PF,Atlanta (GA),Montverde Academy,Washington
23,Jonah Geron,RS-Fr,F,Fresno (CA),San Joaquin Memorial High School,Washington
22,Dominic Green,Sr,SF,Renton (WA),Hazen High School,Washington
10,Elijah Hardy,Fr,PG,Oakland (CA),Bishop O'Dowd High School,Washington
34,Reagan Lundeen,Fr,SF,Santa Ana (CA),Mater Dei High School,Washington
21,Noah Neubauer,RS-Fr,G,Seattle (WA),Garfield High School,Washington
5,Jaylen Nowell,So,SG,Seattle (WA),Garfield High School,Washington
14,Bryan Penn-Johnson,RS-Fr,C,Las Vegas (NV),Wasatch Academy,Washington
30,Travis Rice,So,G,Las Vegas (NV),Bishop Gorman High School,Washington
24,Nate Roberts,RS-Fr,PF,Wolfeboro (NH),Brewster Academy,Washington
35,Riley Sorn,RS-Fr,C,Richland (WA),Richland High School,Washington
4,Matisse Thybulle,Sr,SF,Sammamish (WA),Eastside Catholic High School,Washington
33,Sam Timmins,Jr,C,Christchurch,Middleton Grange School,Washington
13,Hameir Wright,So,PF,Albany (NY),The Albany Academy,Washington
14,Jameel Alausa,So,F,Chicago (IL),University of Chicago Laboratory Schools,Yale
20,Paul Atkinson,So,F,West Palm Beach (FL),Westminster Academy,Yale
23,Jordan Bruner,Jr,PF,Columbia (SC),Spring Valley High School,Yale
3,Alex Copeland,Sr,PG,North Hollywood (CA),Harvard-Westlake School,Yale
10,Matthue Cotton,Fr,SG,Newark (NJ),Eastern Regional High School,Yale
1,Eze Dike,Fr,SG,Montreal,Kimball Union Academy,Yale
11,Michael Feinberg,Fr,SG,Chatsworth (CA),Viewpoint School,Yale
0,Jalen Gabbidon,So,G,Harrisburg (PA),Glenelg High School,Yale
35,Isaiah Kelly,Fr,SF,Hephzibah (GA),Pace Academy,Yale
30,Jake Lanford,Fr,C,Charleston (SC),Porter-Gaud High School,Yale
2,Eric Monroe,Jr,PG,San Diego (CA),St. Augustine High School,Yale
25,Miye Oni,Jr,SF,Los Angeles (CA),Suffield Academy,Yale
13,Trey Phills,Sr,SG,Charlotte (NC),Charlotte Christian School,Yale
32,Blake Reynolds,Sr,PF,Jackson (MO),Jackson High School,Yale
34,Thomas Ryan,Sr,G,New York (NY),Hotchkiss School,Yale
5,Azar Swain,So,PG,Boston (MA),Rivers School,Yale
22,Austin Williams,Jr,F,Jacksonville (FL),The Bolles School,Yale
33,Wyatt Yess,So,PF,Ballwin (MO),Parkway West High School,Yale